15:28:32 debug: 2025/5/29下午3:28:32
15:28:32 debug: Project: /Users/welch/Work/Cocos/SDK/up_sdk_cocos/TS/Demo/TPN_Cocos_Demo
15:28:32 debug: Targets: editor,preview
15:28:32 debug: Incremental file seems great.
15:28:32 debug: Engine path: /Applications/Cocos/Creator/3.8.4/CocosCreator.app/Contents/Resources/resources/3d/engine
15:28:32 debug: Initializing target [Editor]
15:28:32 debug: Loading cache
15:28:32 debug: Loading cache costs 1.8111250400543213ms.
15:28:32 debug: Engine features shipped in editor: base,gfx-webgl,gfx-webgl2,gfx-empty,gfx-webgpu,3d,animation,skeletal-animation,2d,ui,particle,particle-2d,physics-framework,physics-2d-framework,physics-2d-box2d-wasm,intersection-2d,primitive,profiler,occlusion-query,geometry-renderer,debug-renderer,audio,video,xr,light-probe,terrain,webview,tween,tiled-map,spine,dragon-bones,marionette,procedural-animation,custom-pipeline,custom-pipeline-builtin-scripts,custom-pipeline-post-process,legacy-pipeline,websocket,websocket-server,meshopt
15:28:32 debug: Our import map(foo:/bar): {
  "imports": {
    "cc": "cce:/internal/x/cc"
  }
}
15:28:32 debug: Initializing target [Preview]
15:28:32 debug: Loading cache
15:28:32 debug: Loading cache costs 1.571458101272583ms.
15:28:32 debug: Our import map(foo:/bar): {
  "imports": {
    "cc": "cce:/internal/x/cc"
  }
}
15:28:32 debug: Sync engine features: 2d,3d,animation,audio,base,custom-pipeline,dragon-bones,gfx-webgl,intersection-2d,light-probe,marionette,particle,particle-2d,physics-2d-box2d,physics-ammo,primitive,profiler,skeletal-animation,spine,terrain,tiled-map,tween,ui,video,websocket,webview
15:28:32 debug: Reset databases. Enumerated domains: [
  {
    "root": "db://internal/",
    "physical": "/Applications/Cocos/Creator/3.8.4/CocosCreator.app/Contents/Resources/resources/3d/engine/editor/assets"
  },
  {
    "root": "db://assets/",
    "physical": "/Users/welch/Work/Cocos/SDK/up_sdk_cocos/TS/Demo/TPN_Cocos_Demo/assets"
  }
]
15:28:32 debug: Our import map(foo:/bar): {
  "imports": {
    "cc": "cce:/internal/x/cc",
    "db://internal/": "file:///Applications/Cocos/Creator/3.8.4/CocosCreator.app/Contents/Resources/resources/3d/engine/editor/assets/",
    "db://assets/": "file:///Users/welch/Work/Cocos/SDK/up_sdk_cocos/TS/Demo/TPN_Cocos_Demo/assets/"
  }
}
15:28:32 debug: Our import map(foo:/bar): {
  "imports": {
    "cc": "cce:/internal/x/cc",
    "db://internal/": "file:///Applications/Cocos/Creator/3.8.4/CocosCreator.app/Contents/Resources/resources/3d/engine/editor/assets/",
    "db://assets/": "file:///Users/welch/Work/Cocos/SDK/up_sdk_cocos/TS/Demo/TPN_Cocos_Demo/assets/"
  }
}
15:28:32 debug: Pulling asset-db.
15:28:32 debug: Fetch asset-db cost: 5.410207986831665ms.
15:28:32 debug: Build iteration starts.
Number of accumulated asset changes: 31
Feature changed: false
15:28:32 debug: Target(editor) build started.
15:28:32 debug: Detected change: cce:/internal/x/cc. Last mtime: Thu Jan 01 1970 08:00:07 GMT+0800 (中国标准时间), Current mtime: Thu Jan 01 1970 08:00:07 GMT+0800 (中国标准时间)
15:28:32 debug: Inspect cce:/internal/x/cc
15:28:32 debug: Resolve cce:/internal/x/cc-fu/base from cce:/internal/x/cc as external dependency cce:/internal/x/cc-fu/base.
15:28:32 debug: Resolve cce:/internal/x/cc-fu/gfx-webgl from cce:/internal/x/cc as external dependency cce:/internal/x/cc-fu/gfx-webgl.
15:28:32 debug: Resolve cce:/internal/x/cc-fu/gfx-webgl2 from cce:/internal/x/cc as external dependency cce:/internal/x/cc-fu/gfx-webgl2.
15:28:32 debug: Resolve cce:/internal/x/cc-fu/gfx-empty from cce:/internal/x/cc as external dependency cce:/internal/x/cc-fu/gfx-empty.
15:28:32 debug: Resolve cce:/internal/x/cc-fu/gfx-webgpu from cce:/internal/x/cc as external dependency cce:/internal/x/cc-fu/gfx-webgpu.
15:28:32 debug: Resolve cce:/internal/x/cc-fu/3d from cce:/internal/x/cc as external dependency cce:/internal/x/cc-fu/3d.
15:28:32 debug: Resolve cce:/internal/x/cc-fu/animation from cce:/internal/x/cc as external dependency cce:/internal/x/cc-fu/animation.
15:28:32 debug: Resolve cce:/internal/x/cc-fu/skeletal-animation from cce:/internal/x/cc as external dependency cce:/internal/x/cc-fu/skeletal-animation.
15:28:32 debug: Resolve cce:/internal/x/cc-fu/2d from cce:/internal/x/cc as external dependency cce:/internal/x/cc-fu/2d.
15:28:32 debug: Resolve cce:/internal/x/cc-fu/sorting from cce:/internal/x/cc as external dependency cce:/internal/x/cc-fu/sorting.
15:28:32 debug: Resolve cce:/internal/x/cc-fu/ui from cce:/internal/x/cc as external dependency cce:/internal/x/cc-fu/ui.
15:28:32 debug: Resolve cce:/internal/x/cc-fu/particle from cce:/internal/x/cc as external dependency cce:/internal/x/cc-fu/particle.
15:28:32 debug: Resolve cce:/internal/x/cc-fu/particle-2d from cce:/internal/x/cc as external dependency cce:/internal/x/cc-fu/particle-2d.
15:28:32 debug: Resolve cce:/internal/x/cc-fu/physics-framework from cce:/internal/x/cc as external dependency cce:/internal/x/cc-fu/physics-framework.
15:28:32 debug: Resolve cce:/internal/x/cc-fu/physics-2d-framework from cce:/internal/x/cc as external dependency cce:/internal/x/cc-fu/physics-2d-framework.
15:28:32 debug: Resolve cce:/internal/x/cc-fu/physics-2d-box2d-wasm from cce:/internal/x/cc as external dependency cce:/internal/x/cc-fu/physics-2d-box2d-wasm.
15:28:32 debug: Resolve cce:/internal/x/cc-fu/intersection-2d from cce:/internal/x/cc as external dependency cce:/internal/x/cc-fu/intersection-2d.
15:28:32 debug: Resolve cce:/internal/x/cc-fu/primitive from cce:/internal/x/cc as external dependency cce:/internal/x/cc-fu/primitive.
15:28:32 debug: Resolve cce:/internal/x/cc-fu/profiler from cce:/internal/x/cc as external dependency cce:/internal/x/cc-fu/profiler.
15:28:32 debug: Resolve cce:/internal/x/cc-fu/geometry-renderer from cce:/internal/x/cc as external dependency cce:/internal/x/cc-fu/geometry-renderer.
15:28:32 debug: Resolve cce:/internal/x/cc-fu/audio from cce:/internal/x/cc as external dependency cce:/internal/x/cc-fu/audio.
15:28:32 debug: Resolve cce:/internal/x/cc-fu/video from cce:/internal/x/cc as external dependency cce:/internal/x/cc-fu/video.
15:28:32 debug: Resolve cce:/internal/x/cc-fu/xr from cce:/internal/x/cc as external dependency cce:/internal/x/cc-fu/xr.
15:28:32 debug: Resolve cce:/internal/x/cc-fu/light-probe from cce:/internal/x/cc as external dependency cce:/internal/x/cc-fu/light-probe.
15:28:32 debug: Resolve cce:/internal/x/cc-fu/terrain from cce:/internal/x/cc as external dependency cce:/internal/x/cc-fu/terrain.
15:28:32 debug: Resolve cce:/internal/x/cc-fu/webview from cce:/internal/x/cc as external dependency cce:/internal/x/cc-fu/webview.
15:28:32 debug: Resolve cce:/internal/x/cc-fu/tween from cce:/internal/x/cc as external dependency cce:/internal/x/cc-fu/tween.
15:28:32 debug: Resolve cce:/internal/x/cc-fu/tiled-map from cce:/internal/x/cc as external dependency cce:/internal/x/cc-fu/tiled-map.
15:28:32 debug: Resolve cce:/internal/x/cc-fu/spine from cce:/internal/x/cc as external dependency cce:/internal/x/cc-fu/spine.
15:28:32 debug: Resolve cce:/internal/x/cc-fu/dragon-bones from cce:/internal/x/cc as external dependency cce:/internal/x/cc-fu/dragon-bones.
15:28:32 debug: Resolve cce:/internal/x/cc-fu/custom-pipeline from cce:/internal/x/cc as external dependency cce:/internal/x/cc-fu/custom-pipeline.
15:28:32 debug: Resolve cce:/internal/x/cc-fu/custom-pipeline-post-process from cce:/internal/x/cc as external dependency cce:/internal/x/cc-fu/custom-pipeline-post-process.
15:28:32 debug: Resolve cce:/internal/x/cc-fu/legacy-pipeline from cce:/internal/x/cc as external dependency cce:/internal/x/cc-fu/legacy-pipeline.
15:28:32 debug: Detected change: cce:/internal/x/prerequisite-imports. Last mtime: Thu Jan 01 1970 08:00:08 GMT+0800 (中国标准时间), Current mtime: Thu Jan 01 1970 08:00:07 GMT+0800 (中国标准时间)
15:28:32 debug: Inspect cce:/internal/x/prerequisite-imports
15:28:32 debug: Resolve file:///Applications/Cocos/Creator/3.8.4/CocosCreator.app/Contents/Resources/resources/3d/engine/editor/assets/default_renderpipeline/builtin-pipeline-settings.ts from cce:/internal/x/prerequisite-imports as file:///Applications/Cocos/Creator/3.8.4/CocosCreator.app/Contents/Resources/resources/3d/engine/editor/assets/default_renderpipeline/builtin-pipeline-settings.ts.
15:28:32 debug: Resolve cce:/internal/code-quality/cr.mjs from file:///Applications/Cocos/Creator/3.8.4/CocosCreator.app/Contents/Resources/resources/3d/engine/editor/assets/default_renderpipeline/builtin-pipeline-settings.ts as cce:/internal/code-quality/cr.mjs.
15:28:32 debug: Detected change: cce:/internal/code-quality/cr.mjs. Last mtime: Wed May 14 2025 21:35:54 GMT+0800 (中国标准时间), Current mtime: Thu May 29 2025 15:28:24 GMT+0800 (中国标准时间)
15:28:32 debug: Inspect cce:/internal/code-quality/cr.mjs
15:28:32 debug: Resolve cc from file:///Applications/Cocos/Creator/3.8.4/CocosCreator.app/Contents/Resources/resources/3d/engine/editor/assets/default_renderpipeline/builtin-pipeline-settings.ts as cce:/internal/x/cc.
15:28:32 debug: Resolve cc from file:///Applications/Cocos/Creator/3.8.4/CocosCreator.app/Contents/Resources/resources/3d/engine/editor/assets/default_renderpipeline/builtin-pipeline-settings.ts as cce:/internal/x/cc.
15:28:32 debug: Resolve cc from file:///Applications/Cocos/Creator/3.8.4/CocosCreator.app/Contents/Resources/resources/3d/engine/editor/assets/default_renderpipeline/builtin-pipeline-settings.ts as cce:/internal/x/cc.
15:28:32 debug: Resolve cc/env from file:///Applications/Cocos/Creator/3.8.4/CocosCreator.app/Contents/Resources/resources/3d/engine/editor/assets/default_renderpipeline/builtin-pipeline-settings.ts as external dependency cc/env.
15:28:32 debug: Resolve ./builtin-pipeline-types from file:///Applications/Cocos/Creator/3.8.4/CocosCreator.app/Contents/Resources/resources/3d/engine/editor/assets/default_renderpipeline/builtin-pipeline-settings.ts as file:///Applications/Cocos/Creator/3.8.4/CocosCreator.app/Contents/Resources/resources/3d/engine/editor/assets/default_renderpipeline/builtin-pipeline-types.ts.
15:28:32 debug: Resolve cc from file:///Applications/Cocos/Creator/3.8.4/CocosCreator.app/Contents/Resources/resources/3d/engine/editor/assets/default_renderpipeline/builtin-pipeline-types.ts as cce:/internal/x/cc.
15:28:32 debug: Resolve cc from file:///Applications/Cocos/Creator/3.8.4/CocosCreator.app/Contents/Resources/resources/3d/engine/editor/assets/default_renderpipeline/builtin-pipeline-types.ts as cce:/internal/x/cc.
15:28:32 debug: Resolve cc from file:///Applications/Cocos/Creator/3.8.4/CocosCreator.app/Contents/Resources/resources/3d/engine/editor/assets/default_renderpipeline/builtin-pipeline-types.ts as cce:/internal/x/cc.
15:28:32 debug: Resolve file:///Applications/Cocos/Creator/3.8.4/CocosCreator.app/Contents/Resources/resources/3d/engine/editor/assets/default_renderpipeline/builtin-pipeline-types.ts from cce:/internal/x/prerequisite-imports as file:///Applications/Cocos/Creator/3.8.4/CocosCreator.app/Contents/Resources/resources/3d/engine/editor/assets/default_renderpipeline/builtin-pipeline-types.ts.
15:28:32 debug: Resolve file:///Applications/Cocos/Creator/3.8.4/CocosCreator.app/Contents/Resources/resources/3d/engine/editor/assets/default_renderpipeline/builtin-pipeline.ts from cce:/internal/x/prerequisite-imports as file:///Applications/Cocos/Creator/3.8.4/CocosCreator.app/Contents/Resources/resources/3d/engine/editor/assets/default_renderpipeline/builtin-pipeline.ts.
15:28:32 debug: Resolve cce:/internal/code-quality/cr.mjs from file:///Applications/Cocos/Creator/3.8.4/CocosCreator.app/Contents/Resources/resources/3d/engine/editor/assets/default_renderpipeline/builtin-pipeline.ts as cce:/internal/code-quality/cr.mjs.
15:28:32 debug: Resolve cc from file:///Applications/Cocos/Creator/3.8.4/CocosCreator.app/Contents/Resources/resources/3d/engine/editor/assets/default_renderpipeline/builtin-pipeline.ts as cce:/internal/x/cc.
15:28:32 debug: Resolve cc from file:///Applications/Cocos/Creator/3.8.4/CocosCreator.app/Contents/Resources/resources/3d/engine/editor/assets/default_renderpipeline/builtin-pipeline.ts as cce:/internal/x/cc.
15:28:32 debug: Resolve cc/env from file:///Applications/Cocos/Creator/3.8.4/CocosCreator.app/Contents/Resources/resources/3d/engine/editor/assets/default_renderpipeline/builtin-pipeline.ts as external dependency cc/env.
15:28:32 debug: Resolve cc from file:///Applications/Cocos/Creator/3.8.4/CocosCreator.app/Contents/Resources/resources/3d/engine/editor/assets/default_renderpipeline/builtin-pipeline.ts as cce:/internal/x/cc.
15:28:32 debug: Resolve ./builtin-pipeline-types from file:///Applications/Cocos/Creator/3.8.4/CocosCreator.app/Contents/Resources/resources/3d/engine/editor/assets/default_renderpipeline/builtin-pipeline.ts as file:///Applications/Cocos/Creator/3.8.4/CocosCreator.app/Contents/Resources/resources/3d/engine/editor/assets/default_renderpipeline/builtin-pipeline-types.ts.
15:28:32 debug: Resolve file:///Applications/Cocos/Creator/3.8.4/CocosCreator.app/Contents/Resources/resources/3d/engine/editor/assets/tools/debug-view-runtime-control.ts from cce:/internal/x/prerequisite-imports as file:///Applications/Cocos/Creator/3.8.4/CocosCreator.app/Contents/Resources/resources/3d/engine/editor/assets/tools/debug-view-runtime-control.ts.
15:28:32 debug: Resolve cc from file:///Applications/Cocos/Creator/3.8.4/CocosCreator.app/Contents/Resources/resources/3d/engine/editor/assets/tools/debug-view-runtime-control.ts as cce:/internal/x/cc.
15:28:32 debug: Resolve cc from file:///Applications/Cocos/Creator/3.8.4/CocosCreator.app/Contents/Resources/resources/3d/engine/editor/assets/tools/debug-view-runtime-control.ts as cce:/internal/x/cc.
15:28:32 debug: Resolve cc from file:///Applications/Cocos/Creator/3.8.4/CocosCreator.app/Contents/Resources/resources/3d/engine/editor/assets/tools/debug-view-runtime-control.ts as cce:/internal/x/cc.
15:28:32 debug: Resolve file:///Users/welch/Work/Cocos/SDK/up_sdk_cocos/TS/Demo/TPN_Cocos_Demo/assets/script/AnyThinkAds/ATBanner.ts from cce:/internal/x/prerequisite-imports as file:///Users/welch/Work/Cocos/SDK/up_sdk_cocos/TS/Demo/TPN_Cocos_Demo/assets/script/AnyThinkAds/ATBanner.ts.
15:28:32 debug: Resolve cce:/internal/code-quality/cr.mjs from file:///Users/welch/Work/Cocos/SDK/up_sdk_cocos/TS/Demo/TPN_Cocos_Demo/assets/script/AnyThinkAds/ATBanner.ts as cce:/internal/code-quality/cr.mjs.
15:28:32 debug: Resolve cc from file:///Users/welch/Work/Cocos/SDK/up_sdk_cocos/TS/Demo/TPN_Cocos_Demo/assets/script/AnyThinkAds/ATBanner.ts as cce:/internal/x/cc.
15:28:32 debug: Resolve cc from file:///Users/welch/Work/Cocos/SDK/up_sdk_cocos/TS/Demo/TPN_Cocos_Demo/assets/script/AnyThinkAds/ATBanner.ts as cce:/internal/x/cc.
15:28:32 debug: Resolve ./Android/ATAndroidBannerTS from file:///Users/welch/Work/Cocos/SDK/up_sdk_cocos/TS/Demo/TPN_Cocos_Demo/assets/script/AnyThinkAds/ATBanner.ts as file:///Users/welch/Work/Cocos/SDK/up_sdk_cocos/TS/Demo/TPN_Cocos_Demo/assets/script/AnyThinkAds/Android/ATAndroidBannerTS.ts.
15:28:32 debug: Detected change: file:///Users/welch/Work/Cocos/SDK/up_sdk_cocos/TS/Demo/TPN_Cocos_Demo/assets/script/AnyThinkAds/Android/ATAndroidBannerTS.ts. Last mtime: Sat Nov 30 2024 16:06:32 GMT+0800 (中国标准时间)@965fa614-e0e9-4a8f-87cb-2b3305297466, Current mtime: Thu May 29 2025 15:27:12 GMT+0800 (中国标准时间)@965fa614-e0e9-4a8f-87cb-2b3305297466
15:28:32 debug: Inspect file:///Users/welch/Work/Cocos/SDK/up_sdk_cocos/TS/Demo/TPN_Cocos_Demo/assets/script/AnyThinkAds/Android/ATAndroidBannerTS.ts
15:28:32 debug: Resolve cc from file:///Users/welch/Work/Cocos/SDK/up_sdk_cocos/TS/Demo/TPN_Cocos_Demo/assets/script/AnyThinkAds/Android/ATAndroidBannerTS.ts as cce:/internal/x/cc.
15:28:32 debug: Resolve cc from file:///Users/welch/Work/Cocos/SDK/up_sdk_cocos/TS/Demo/TPN_Cocos_Demo/assets/script/AnyThinkAds/Android/ATAndroidBannerTS.ts as cce:/internal/x/cc.
15:28:32 debug: Resolve cc from file:///Users/welch/Work/Cocos/SDK/up_sdk_cocos/TS/Demo/TPN_Cocos_Demo/assets/script/AnyThinkAds/Android/ATAndroidBannerTS.ts as cce:/internal/x/cc.
15:28:32 debug: Resolve ./iOS/ATiOSBannerTS from file:///Users/welch/Work/Cocos/SDK/up_sdk_cocos/TS/Demo/TPN_Cocos_Demo/assets/script/AnyThinkAds/ATBanner.ts as file:///Users/welch/Work/Cocos/SDK/up_sdk_cocos/TS/Demo/TPN_Cocos_Demo/assets/script/AnyThinkAds/iOS/ATiOSBannerTS.ts.
15:28:32 debug: Resolve cce:/internal/code-quality/cr.mjs from file:///Users/welch/Work/Cocos/SDK/up_sdk_cocos/TS/Demo/TPN_Cocos_Demo/assets/script/AnyThinkAds/iOS/ATiOSBannerTS.ts as cce:/internal/code-quality/cr.mjs.
15:28:32 debug: Resolve cc from file:///Users/welch/Work/Cocos/SDK/up_sdk_cocos/TS/Demo/TPN_Cocos_Demo/assets/script/AnyThinkAds/iOS/ATiOSBannerTS.ts as cce:/internal/x/cc.
15:28:32 debug: Resolve cc from file:///Users/welch/Work/Cocos/SDK/up_sdk_cocos/TS/Demo/TPN_Cocos_Demo/assets/script/AnyThinkAds/iOS/ATiOSBannerTS.ts as cce:/internal/x/cc.
15:28:32 debug: Resolve cc from file:///Users/welch/Work/Cocos/SDK/up_sdk_cocos/TS/Demo/TPN_Cocos_Demo/assets/script/AnyThinkAds/iOS/ATiOSBannerTS.ts as cce:/internal/x/cc.
15:28:32 debug: Resolve ./ATiOSTS from file:///Users/welch/Work/Cocos/SDK/up_sdk_cocos/TS/Demo/TPN_Cocos_Demo/assets/script/AnyThinkAds/iOS/ATiOSBannerTS.ts as file:///Users/welch/Work/Cocos/SDK/up_sdk_cocos/TS/Demo/TPN_Cocos_Demo/assets/script/AnyThinkAds/iOS/ATiOSTS.ts.
15:28:32 debug: Resolve cc from file:///Users/welch/Work/Cocos/SDK/up_sdk_cocos/TS/Demo/TPN_Cocos_Demo/assets/script/AnyThinkAds/iOS/ATiOSTS.ts as cce:/internal/x/cc.
15:28:32 debug: Resolve cc from file:///Users/welch/Work/Cocos/SDK/up_sdk_cocos/TS/Demo/TPN_Cocos_Demo/assets/script/AnyThinkAds/iOS/ATiOSTS.ts as cce:/internal/x/cc.
15:28:32 debug: Resolve cc from file:///Users/welch/Work/Cocos/SDK/up_sdk_cocos/TS/Demo/TPN_Cocos_Demo/assets/script/AnyThinkAds/iOS/ATiOSTS.ts as cce:/internal/x/cc.
15:28:32 debug: Resolve cc from file:///Users/welch/Work/Cocos/SDK/up_sdk_cocos/TS/Demo/TPN_Cocos_Demo/assets/script/AnyThinkAds/ATBanner.ts as cce:/internal/x/cc.
15:28:32 debug: Resolve file:///Users/welch/Work/Cocos/SDK/up_sdk_cocos/TS/Demo/TPN_Cocos_Demo/assets/script/AnyThinkAds/ATInterstitial.ts from cce:/internal/x/prerequisite-imports as file:///Users/welch/Work/Cocos/SDK/up_sdk_cocos/TS/Demo/TPN_Cocos_Demo/assets/script/AnyThinkAds/ATInterstitial.ts.
15:28:32 debug: Resolve cce:/internal/code-quality/cr.mjs from file:///Users/welch/Work/Cocos/SDK/up_sdk_cocos/TS/Demo/TPN_Cocos_Demo/assets/script/AnyThinkAds/ATInterstitial.ts as cce:/internal/code-quality/cr.mjs.
15:28:32 debug: Resolve cc from file:///Users/welch/Work/Cocos/SDK/up_sdk_cocos/TS/Demo/TPN_Cocos_Demo/assets/script/AnyThinkAds/ATInterstitial.ts as cce:/internal/x/cc.
15:28:32 debug: Resolve cc from file:///Users/welch/Work/Cocos/SDK/up_sdk_cocos/TS/Demo/TPN_Cocos_Demo/assets/script/AnyThinkAds/ATInterstitial.ts as cce:/internal/x/cc.
15:28:32 debug: Resolve ./Android/ATAndroidInterstitialTS from file:///Users/welch/Work/Cocos/SDK/up_sdk_cocos/TS/Demo/TPN_Cocos_Demo/assets/script/AnyThinkAds/ATInterstitial.ts as file:///Users/welch/Work/Cocos/SDK/up_sdk_cocos/TS/Demo/TPN_Cocos_Demo/assets/script/AnyThinkAds/Android/ATAndroidInterstitialTS.ts.
15:28:32 debug: Detected change: file:///Users/welch/Work/Cocos/SDK/up_sdk_cocos/TS/Demo/TPN_Cocos_Demo/assets/script/AnyThinkAds/Android/ATAndroidInterstitialTS.ts. Last mtime: Sat Nov 30 2024 16:06:32 GMT+0800 (中国标准时间)@c43081a4-7da8-4f16-b5e6-09b1c9cce917, Current mtime: Thu May 29 2025 15:27:12 GMT+0800 (中国标准时间)@c43081a4-7da8-4f16-b5e6-09b1c9cce917
15:28:32 debug: Inspect file:///Users/welch/Work/Cocos/SDK/up_sdk_cocos/TS/Demo/TPN_Cocos_Demo/assets/script/AnyThinkAds/Android/ATAndroidInterstitialTS.ts
15:28:32 debug: Resolve cc from file:///Users/welch/Work/Cocos/SDK/up_sdk_cocos/TS/Demo/TPN_Cocos_Demo/assets/script/AnyThinkAds/Android/ATAndroidInterstitialTS.ts as cce:/internal/x/cc.
15:28:32 debug: Resolve cc from file:///Users/welch/Work/Cocos/SDK/up_sdk_cocos/TS/Demo/TPN_Cocos_Demo/assets/script/AnyThinkAds/Android/ATAndroidInterstitialTS.ts as cce:/internal/x/cc.
15:28:32 debug: Resolve cc from file:///Users/welch/Work/Cocos/SDK/up_sdk_cocos/TS/Demo/TPN_Cocos_Demo/assets/script/AnyThinkAds/Android/ATAndroidInterstitialTS.ts as cce:/internal/x/cc.
15:28:32 debug: Resolve ./iOS/ATiOSInterstitialTS from file:///Users/welch/Work/Cocos/SDK/up_sdk_cocos/TS/Demo/TPN_Cocos_Demo/assets/script/AnyThinkAds/ATInterstitial.ts as file:///Users/welch/Work/Cocos/SDK/up_sdk_cocos/TS/Demo/TPN_Cocos_Demo/assets/script/AnyThinkAds/iOS/ATiOSInterstitialTS.ts.
15:28:32 debug: Resolve cce:/internal/code-quality/cr.mjs from file:///Users/welch/Work/Cocos/SDK/up_sdk_cocos/TS/Demo/TPN_Cocos_Demo/assets/script/AnyThinkAds/iOS/ATiOSInterstitialTS.ts as cce:/internal/code-quality/cr.mjs.
15:28:32 debug: Resolve cc from file:///Users/welch/Work/Cocos/SDK/up_sdk_cocos/TS/Demo/TPN_Cocos_Demo/assets/script/AnyThinkAds/iOS/ATiOSInterstitialTS.ts as cce:/internal/x/cc.
15:28:32 debug: Resolve cc from file:///Users/welch/Work/Cocos/SDK/up_sdk_cocos/TS/Demo/TPN_Cocos_Demo/assets/script/AnyThinkAds/iOS/ATiOSInterstitialTS.ts as cce:/internal/x/cc.
15:28:32 debug: Resolve cc from file:///Users/welch/Work/Cocos/SDK/up_sdk_cocos/TS/Demo/TPN_Cocos_Demo/assets/script/AnyThinkAds/iOS/ATiOSInterstitialTS.ts as cce:/internal/x/cc.
15:28:32 debug: Resolve ./ATiOSTS from file:///Users/welch/Work/Cocos/SDK/up_sdk_cocos/TS/Demo/TPN_Cocos_Demo/assets/script/AnyThinkAds/iOS/ATiOSInterstitialTS.ts as file:///Users/welch/Work/Cocos/SDK/up_sdk_cocos/TS/Demo/TPN_Cocos_Demo/assets/script/AnyThinkAds/iOS/ATiOSTS.ts.
15:28:32 debug: Resolve cc from file:///Users/welch/Work/Cocos/SDK/up_sdk_cocos/TS/Demo/TPN_Cocos_Demo/assets/script/AnyThinkAds/ATInterstitial.ts as cce:/internal/x/cc.
15:28:32 debug: Resolve file:///Users/welch/Work/Cocos/SDK/up_sdk_cocos/TS/Demo/TPN_Cocos_Demo/assets/script/AnyThinkAds/ATInterstitialAuto.ts from cce:/internal/x/prerequisite-imports as file:///Users/welch/Work/Cocos/SDK/up_sdk_cocos/TS/Demo/TPN_Cocos_Demo/assets/script/AnyThinkAds/ATInterstitialAuto.ts.
15:28:32 debug: Resolve cce:/internal/code-quality/cr.mjs from file:///Users/welch/Work/Cocos/SDK/up_sdk_cocos/TS/Demo/TPN_Cocos_Demo/assets/script/AnyThinkAds/ATInterstitialAuto.ts as cce:/internal/code-quality/cr.mjs.
15:28:32 debug: Resolve cc from file:///Users/welch/Work/Cocos/SDK/up_sdk_cocos/TS/Demo/TPN_Cocos_Demo/assets/script/AnyThinkAds/ATInterstitialAuto.ts as cce:/internal/x/cc.
15:28:32 debug: Resolve cc from file:///Users/welch/Work/Cocos/SDK/up_sdk_cocos/TS/Demo/TPN_Cocos_Demo/assets/script/AnyThinkAds/ATInterstitialAuto.ts as cce:/internal/x/cc.
15:28:32 debug: Resolve ./Android/ATAndroidInterstitialAutoTS from file:///Users/welch/Work/Cocos/SDK/up_sdk_cocos/TS/Demo/TPN_Cocos_Demo/assets/script/AnyThinkAds/ATInterstitialAuto.ts as file:///Users/welch/Work/Cocos/SDK/up_sdk_cocos/TS/Demo/TPN_Cocos_Demo/assets/script/AnyThinkAds/Android/ATAndroidInterstitialAutoTS.ts.
15:28:32 debug: Detected change: file:///Users/welch/Work/Cocos/SDK/up_sdk_cocos/TS/Demo/TPN_Cocos_Demo/assets/script/AnyThinkAds/Android/ATAndroidInterstitialAutoTS.ts. Last mtime: Sat Nov 30 2024 16:06:32 GMT+0800 (中国标准时间)@a1727201-a787-4604-b55f-9e826fcb87c2, Current mtime: Thu May 29 2025 15:27:12 GMT+0800 (中国标准时间)@a1727201-a787-4604-b55f-9e826fcb87c2
15:28:32 debug: Inspect file:///Users/welch/Work/Cocos/SDK/up_sdk_cocos/TS/Demo/TPN_Cocos_Demo/assets/script/AnyThinkAds/Android/ATAndroidInterstitialAutoTS.ts
15:28:32 debug: Resolve cc from file:///Users/welch/Work/Cocos/SDK/up_sdk_cocos/TS/Demo/TPN_Cocos_Demo/assets/script/AnyThinkAds/Android/ATAndroidInterstitialAutoTS.ts as cce:/internal/x/cc.
15:28:32 debug: Resolve cc from file:///Users/welch/Work/Cocos/SDK/up_sdk_cocos/TS/Demo/TPN_Cocos_Demo/assets/script/AnyThinkAds/Android/ATAndroidInterstitialAutoTS.ts as cce:/internal/x/cc.
15:28:32 debug: Resolve cc from file:///Users/welch/Work/Cocos/SDK/up_sdk_cocos/TS/Demo/TPN_Cocos_Demo/assets/script/AnyThinkAds/Android/ATAndroidInterstitialAutoTS.ts as cce:/internal/x/cc.
15:28:32 debug: Resolve ./iOS/ATiOSInterstitiaAutolTS from file:///Users/welch/Work/Cocos/SDK/up_sdk_cocos/TS/Demo/TPN_Cocos_Demo/assets/script/AnyThinkAds/ATInterstitialAuto.ts as file:///Users/welch/Work/Cocos/SDK/up_sdk_cocos/TS/Demo/TPN_Cocos_Demo/assets/script/AnyThinkAds/iOS/ATiOSInterstitiaAutolTS.ts.
15:28:32 debug: Resolve cce:/internal/code-quality/cr.mjs from file:///Users/welch/Work/Cocos/SDK/up_sdk_cocos/TS/Demo/TPN_Cocos_Demo/assets/script/AnyThinkAds/iOS/ATiOSInterstitiaAutolTS.ts as cce:/internal/code-quality/cr.mjs.
15:28:32 debug: Resolve cc from file:///Users/welch/Work/Cocos/SDK/up_sdk_cocos/TS/Demo/TPN_Cocos_Demo/assets/script/AnyThinkAds/iOS/ATiOSInterstitiaAutolTS.ts as cce:/internal/x/cc.
15:28:32 debug: Resolve cc from file:///Users/welch/Work/Cocos/SDK/up_sdk_cocos/TS/Demo/TPN_Cocos_Demo/assets/script/AnyThinkAds/iOS/ATiOSInterstitiaAutolTS.ts as cce:/internal/x/cc.
15:28:32 debug: Resolve cc from file:///Users/welch/Work/Cocos/SDK/up_sdk_cocos/TS/Demo/TPN_Cocos_Demo/assets/script/AnyThinkAds/iOS/ATiOSInterstitiaAutolTS.ts as cce:/internal/x/cc.
15:28:32 debug: Resolve ./ATiOSTS from file:///Users/welch/Work/Cocos/SDK/up_sdk_cocos/TS/Demo/TPN_Cocos_Demo/assets/script/AnyThinkAds/iOS/ATiOSInterstitiaAutolTS.ts as file:///Users/welch/Work/Cocos/SDK/up_sdk_cocos/TS/Demo/TPN_Cocos_Demo/assets/script/AnyThinkAds/iOS/ATiOSTS.ts.
15:28:32 debug: Resolve cc from file:///Users/welch/Work/Cocos/SDK/up_sdk_cocos/TS/Demo/TPN_Cocos_Demo/assets/script/AnyThinkAds/ATInterstitialAuto.ts as cce:/internal/x/cc.
15:28:32 debug: Resolve file:///Users/welch/Work/Cocos/SDK/up_sdk_cocos/TS/Demo/TPN_Cocos_Demo/assets/script/AnyThinkAds/ATNative.ts from cce:/internal/x/prerequisite-imports as file:///Users/welch/Work/Cocos/SDK/up_sdk_cocos/TS/Demo/TPN_Cocos_Demo/assets/script/AnyThinkAds/ATNative.ts.
15:28:32 debug: Resolve cce:/internal/code-quality/cr.mjs from file:///Users/welch/Work/Cocos/SDK/up_sdk_cocos/TS/Demo/TPN_Cocos_Demo/assets/script/AnyThinkAds/ATNative.ts as cce:/internal/code-quality/cr.mjs.
15:28:32 debug: Resolve cc from file:///Users/welch/Work/Cocos/SDK/up_sdk_cocos/TS/Demo/TPN_Cocos_Demo/assets/script/AnyThinkAds/ATNative.ts as cce:/internal/x/cc.
15:28:32 debug: Resolve cc from file:///Users/welch/Work/Cocos/SDK/up_sdk_cocos/TS/Demo/TPN_Cocos_Demo/assets/script/AnyThinkAds/ATNative.ts as cce:/internal/x/cc.
15:28:32 debug: Resolve ./iOS/ATiOSNativeTS from file:///Users/welch/Work/Cocos/SDK/up_sdk_cocos/TS/Demo/TPN_Cocos_Demo/assets/script/AnyThinkAds/ATNative.ts as file:///Users/welch/Work/Cocos/SDK/up_sdk_cocos/TS/Demo/TPN_Cocos_Demo/assets/script/AnyThinkAds/iOS/ATiOSNativeTS.ts.
15:28:32 debug: Resolve cce:/internal/code-quality/cr.mjs from file:///Users/welch/Work/Cocos/SDK/up_sdk_cocos/TS/Demo/TPN_Cocos_Demo/assets/script/AnyThinkAds/iOS/ATiOSNativeTS.ts as cce:/internal/code-quality/cr.mjs.
15:28:32 debug: Resolve cc from file:///Users/welch/Work/Cocos/SDK/up_sdk_cocos/TS/Demo/TPN_Cocos_Demo/assets/script/AnyThinkAds/iOS/ATiOSNativeTS.ts as cce:/internal/x/cc.
15:28:32 debug: Resolve cc from file:///Users/welch/Work/Cocos/SDK/up_sdk_cocos/TS/Demo/TPN_Cocos_Demo/assets/script/AnyThinkAds/iOS/ATiOSNativeTS.ts as cce:/internal/x/cc.
15:28:32 debug: Resolve cc from file:///Users/welch/Work/Cocos/SDK/up_sdk_cocos/TS/Demo/TPN_Cocos_Demo/assets/script/AnyThinkAds/iOS/ATiOSNativeTS.ts as cce:/internal/x/cc.
15:28:32 debug: Resolve ./ATiOSTS from file:///Users/welch/Work/Cocos/SDK/up_sdk_cocos/TS/Demo/TPN_Cocos_Demo/assets/script/AnyThinkAds/iOS/ATiOSNativeTS.ts as file:///Users/welch/Work/Cocos/SDK/up_sdk_cocos/TS/Demo/TPN_Cocos_Demo/assets/script/AnyThinkAds/iOS/ATiOSTS.ts.
15:28:32 debug: Resolve ./Android/ATAndroidNativeTS from file:///Users/welch/Work/Cocos/SDK/up_sdk_cocos/TS/Demo/TPN_Cocos_Demo/assets/script/AnyThinkAds/ATNative.ts as file:///Users/welch/Work/Cocos/SDK/up_sdk_cocos/TS/Demo/TPN_Cocos_Demo/assets/script/AnyThinkAds/Android/ATAndroidNativeTS.ts.
15:28:32 debug: Detected change: file:///Users/welch/Work/Cocos/SDK/up_sdk_cocos/TS/Demo/TPN_Cocos_Demo/assets/script/AnyThinkAds/Android/ATAndroidNativeTS.ts. Last mtime: Sat Nov 30 2024 16:06:32 GMT+0800 (中国标准时间)@bc6df121-9862-45ce-b6e5-e80358dae64c, Current mtime: Thu May 29 2025 15:27:12 GMT+0800 (中国标准时间)@bc6df121-9862-45ce-b6e5-e80358dae64c
15:28:32 debug: Inspect file:///Users/welch/Work/Cocos/SDK/up_sdk_cocos/TS/Demo/TPN_Cocos_Demo/assets/script/AnyThinkAds/Android/ATAndroidNativeTS.ts
15:28:32 debug: Resolve cc from file:///Users/welch/Work/Cocos/SDK/up_sdk_cocos/TS/Demo/TPN_Cocos_Demo/assets/script/AnyThinkAds/Android/ATAndroidNativeTS.ts as cce:/internal/x/cc.
15:28:32 debug: Resolve cc from file:///Users/welch/Work/Cocos/SDK/up_sdk_cocos/TS/Demo/TPN_Cocos_Demo/assets/script/AnyThinkAds/Android/ATAndroidNativeTS.ts as cce:/internal/x/cc.
15:28:32 debug: Resolve cc from file:///Users/welch/Work/Cocos/SDK/up_sdk_cocos/TS/Demo/TPN_Cocos_Demo/assets/script/AnyThinkAds/Android/ATAndroidNativeTS.ts as cce:/internal/x/cc.
15:28:32 debug: Resolve cc from file:///Users/welch/Work/Cocos/SDK/up_sdk_cocos/TS/Demo/TPN_Cocos_Demo/assets/script/AnyThinkAds/ATNative.ts as cce:/internal/x/cc.
15:28:32 debug: Resolve file:///Users/welch/Work/Cocos/SDK/up_sdk_cocos/TS/Demo/TPN_Cocos_Demo/assets/script/AnyThinkAds/ATRewardedAutoVideo.ts from cce:/internal/x/prerequisite-imports as file:///Users/welch/Work/Cocos/SDK/up_sdk_cocos/TS/Demo/TPN_Cocos_Demo/assets/script/AnyThinkAds/ATRewardedAutoVideo.ts.
15:28:32 debug: Resolve cce:/internal/code-quality/cr.mjs from file:///Users/welch/Work/Cocos/SDK/up_sdk_cocos/TS/Demo/TPN_Cocos_Demo/assets/script/AnyThinkAds/ATRewardedAutoVideo.ts as cce:/internal/code-quality/cr.mjs.
15:28:32 debug: Resolve cc from file:///Users/welch/Work/Cocos/SDK/up_sdk_cocos/TS/Demo/TPN_Cocos_Demo/assets/script/AnyThinkAds/ATRewardedAutoVideo.ts as cce:/internal/x/cc.
15:28:32 debug: Resolve cc from file:///Users/welch/Work/Cocos/SDK/up_sdk_cocos/TS/Demo/TPN_Cocos_Demo/assets/script/AnyThinkAds/ATRewardedAutoVideo.ts as cce:/internal/x/cc.
15:28:32 debug: Resolve ./Android/ATAndroidRewardedVideoAutoTS from file:///Users/welch/Work/Cocos/SDK/up_sdk_cocos/TS/Demo/TPN_Cocos_Demo/assets/script/AnyThinkAds/ATRewardedAutoVideo.ts as file:///Users/welch/Work/Cocos/SDK/up_sdk_cocos/TS/Demo/TPN_Cocos_Demo/assets/script/AnyThinkAds/Android/ATAndroidRewardedVideoAutoTS.ts.
15:28:32 debug: Detected change: file:///Users/welch/Work/Cocos/SDK/up_sdk_cocos/TS/Demo/TPN_Cocos_Demo/assets/script/AnyThinkAds/Android/ATAndroidRewardedVideoAutoTS.ts. Last mtime: Sat Nov 30 2024 16:06:32 GMT+0800 (中国标准时间)@36dfae11-b010-41b9-8c0e-bd8eedbcd3e5, Current mtime: Thu May 29 2025 15:27:12 GMT+0800 (中国标准时间)@36dfae11-b010-41b9-8c0e-bd8eedbcd3e5
15:28:32 debug: Inspect file:///Users/welch/Work/Cocos/SDK/up_sdk_cocos/TS/Demo/TPN_Cocos_Demo/assets/script/AnyThinkAds/Android/ATAndroidRewardedVideoAutoTS.ts
15:28:32 debug: Resolve cc from file:///Users/welch/Work/Cocos/SDK/up_sdk_cocos/TS/Demo/TPN_Cocos_Demo/assets/script/AnyThinkAds/Android/ATAndroidRewardedVideoAutoTS.ts as cce:/internal/x/cc.
15:28:32 debug: Resolve cc from file:///Users/welch/Work/Cocos/SDK/up_sdk_cocos/TS/Demo/TPN_Cocos_Demo/assets/script/AnyThinkAds/Android/ATAndroidRewardedVideoAutoTS.ts as cce:/internal/x/cc.
15:28:32 debug: Resolve cc from file:///Users/welch/Work/Cocos/SDK/up_sdk_cocos/TS/Demo/TPN_Cocos_Demo/assets/script/AnyThinkAds/Android/ATAndroidRewardedVideoAutoTS.ts as cce:/internal/x/cc.
15:28:32 debug: Resolve ./iOS/ATiOSRewardedAutoVideoTS from file:///Users/welch/Work/Cocos/SDK/up_sdk_cocos/TS/Demo/TPN_Cocos_Demo/assets/script/AnyThinkAds/ATRewardedAutoVideo.ts as file:///Users/welch/Work/Cocos/SDK/up_sdk_cocos/TS/Demo/TPN_Cocos_Demo/assets/script/AnyThinkAds/iOS/ATiOSRewardedAutoVideoTS.ts.
15:28:32 debug: Resolve cce:/internal/code-quality/cr.mjs from file:///Users/welch/Work/Cocos/SDK/up_sdk_cocos/TS/Demo/TPN_Cocos_Demo/assets/script/AnyThinkAds/iOS/ATiOSRewardedAutoVideoTS.ts as cce:/internal/code-quality/cr.mjs.
15:28:32 debug: Resolve cc from file:///Users/welch/Work/Cocos/SDK/up_sdk_cocos/TS/Demo/TPN_Cocos_Demo/assets/script/AnyThinkAds/iOS/ATiOSRewardedAutoVideoTS.ts as cce:/internal/x/cc.
15:28:32 debug: Resolve cc from file:///Users/welch/Work/Cocos/SDK/up_sdk_cocos/TS/Demo/TPN_Cocos_Demo/assets/script/AnyThinkAds/iOS/ATiOSRewardedAutoVideoTS.ts as cce:/internal/x/cc.
15:28:32 debug: Resolve cc from file:///Users/welch/Work/Cocos/SDK/up_sdk_cocos/TS/Demo/TPN_Cocos_Demo/assets/script/AnyThinkAds/iOS/ATiOSRewardedAutoVideoTS.ts as cce:/internal/x/cc.
15:28:32 debug: Resolve ./ATiOSTS from file:///Users/welch/Work/Cocos/SDK/up_sdk_cocos/TS/Demo/TPN_Cocos_Demo/assets/script/AnyThinkAds/iOS/ATiOSRewardedAutoVideoTS.ts as file:///Users/welch/Work/Cocos/SDK/up_sdk_cocos/TS/Demo/TPN_Cocos_Demo/assets/script/AnyThinkAds/iOS/ATiOSTS.ts.
15:28:32 debug: Resolve cc from file:///Users/welch/Work/Cocos/SDK/up_sdk_cocos/TS/Demo/TPN_Cocos_Demo/assets/script/AnyThinkAds/ATRewardedAutoVideo.ts as cce:/internal/x/cc.
15:28:32 debug: Resolve file:///Users/welch/Work/Cocos/SDK/up_sdk_cocos/TS/Demo/TPN_Cocos_Demo/assets/script/AnyThinkAds/ATRewardedVideo.ts from cce:/internal/x/prerequisite-imports as file:///Users/welch/Work/Cocos/SDK/up_sdk_cocos/TS/Demo/TPN_Cocos_Demo/assets/script/AnyThinkAds/ATRewardedVideo.ts.
15:28:32 debug: Resolve cce:/internal/code-quality/cr.mjs from file:///Users/welch/Work/Cocos/SDK/up_sdk_cocos/TS/Demo/TPN_Cocos_Demo/assets/script/AnyThinkAds/ATRewardedVideo.ts as cce:/internal/code-quality/cr.mjs.
15:28:32 debug: Resolve cc from file:///Users/welch/Work/Cocos/SDK/up_sdk_cocos/TS/Demo/TPN_Cocos_Demo/assets/script/AnyThinkAds/ATRewardedVideo.ts as cce:/internal/x/cc.
15:28:32 debug: Resolve cc from file:///Users/welch/Work/Cocos/SDK/up_sdk_cocos/TS/Demo/TPN_Cocos_Demo/assets/script/AnyThinkAds/ATRewardedVideo.ts as cce:/internal/x/cc.
15:28:32 debug: Resolve ./Android/ATAndroidRewardedVideoTS from file:///Users/welch/Work/Cocos/SDK/up_sdk_cocos/TS/Demo/TPN_Cocos_Demo/assets/script/AnyThinkAds/ATRewardedVideo.ts as file:///Users/welch/Work/Cocos/SDK/up_sdk_cocos/TS/Demo/TPN_Cocos_Demo/assets/script/AnyThinkAds/Android/ATAndroidRewardedVideoTS.ts.
15:28:32 debug: Detected change: file:///Users/welch/Work/Cocos/SDK/up_sdk_cocos/TS/Demo/TPN_Cocos_Demo/assets/script/AnyThinkAds/Android/ATAndroidRewardedVideoTS.ts. Last mtime: Sat Nov 30 2024 16:06:32 GMT+0800 (中国标准时间)@8111c1fb-6ffe-42ab-b714-ef46b326fa25, Current mtime: Thu May 29 2025 15:27:12 GMT+0800 (中国标准时间)@8111c1fb-6ffe-42ab-b714-ef46b326fa25
15:28:32 debug: Inspect file:///Users/welch/Work/Cocos/SDK/up_sdk_cocos/TS/Demo/TPN_Cocos_Demo/assets/script/AnyThinkAds/Android/ATAndroidRewardedVideoTS.ts
15:28:32 debug: Resolve cc from file:///Users/welch/Work/Cocos/SDK/up_sdk_cocos/TS/Demo/TPN_Cocos_Demo/assets/script/AnyThinkAds/Android/ATAndroidRewardedVideoTS.ts as cce:/internal/x/cc.
15:28:32 debug: Resolve cc from file:///Users/welch/Work/Cocos/SDK/up_sdk_cocos/TS/Demo/TPN_Cocos_Demo/assets/script/AnyThinkAds/Android/ATAndroidRewardedVideoTS.ts as cce:/internal/x/cc.
15:28:32 debug: Resolve cc from file:///Users/welch/Work/Cocos/SDK/up_sdk_cocos/TS/Demo/TPN_Cocos_Demo/assets/script/AnyThinkAds/Android/ATAndroidRewardedVideoTS.ts as cce:/internal/x/cc.
15:28:32 debug: Resolve ./iOS/ATiOSRewardedVideoTS from file:///Users/welch/Work/Cocos/SDK/up_sdk_cocos/TS/Demo/TPN_Cocos_Demo/assets/script/AnyThinkAds/ATRewardedVideo.ts as file:///Users/welch/Work/Cocos/SDK/up_sdk_cocos/TS/Demo/TPN_Cocos_Demo/assets/script/AnyThinkAds/iOS/ATiOSRewardedVideoTS.ts.
15:28:32 debug: Resolve cce:/internal/code-quality/cr.mjs from file:///Users/welch/Work/Cocos/SDK/up_sdk_cocos/TS/Demo/TPN_Cocos_Demo/assets/script/AnyThinkAds/iOS/ATiOSRewardedVideoTS.ts as cce:/internal/code-quality/cr.mjs.
15:28:32 debug: Resolve cc from file:///Users/welch/Work/Cocos/SDK/up_sdk_cocos/TS/Demo/TPN_Cocos_Demo/assets/script/AnyThinkAds/iOS/ATiOSRewardedVideoTS.ts as cce:/internal/x/cc.
15:28:32 debug: Resolve cc from file:///Users/welch/Work/Cocos/SDK/up_sdk_cocos/TS/Demo/TPN_Cocos_Demo/assets/script/AnyThinkAds/iOS/ATiOSRewardedVideoTS.ts as cce:/internal/x/cc.
15:28:32 debug: Resolve cc from file:///Users/welch/Work/Cocos/SDK/up_sdk_cocos/TS/Demo/TPN_Cocos_Demo/assets/script/AnyThinkAds/iOS/ATiOSRewardedVideoTS.ts as cce:/internal/x/cc.
15:28:32 debug: Resolve ./ATiOSTS from file:///Users/welch/Work/Cocos/SDK/up_sdk_cocos/TS/Demo/TPN_Cocos_Demo/assets/script/AnyThinkAds/iOS/ATiOSRewardedVideoTS.ts as file:///Users/welch/Work/Cocos/SDK/up_sdk_cocos/TS/Demo/TPN_Cocos_Demo/assets/script/AnyThinkAds/iOS/ATiOSTS.ts.
15:28:32 debug: Resolve ./ATSDK from file:///Users/welch/Work/Cocos/SDK/up_sdk_cocos/TS/Demo/TPN_Cocos_Demo/assets/script/AnyThinkAds/ATRewardedVideo.ts as file:///Users/welch/Work/Cocos/SDK/up_sdk_cocos/TS/Demo/TPN_Cocos_Demo/assets/script/AnyThinkAds/ATSDK.ts.
15:28:32 debug: Resolve cce:/internal/code-quality/cr.mjs from file:///Users/welch/Work/Cocos/SDK/up_sdk_cocos/TS/Demo/TPN_Cocos_Demo/assets/script/AnyThinkAds/ATSDK.ts as cce:/internal/code-quality/cr.mjs.
15:28:32 debug: Resolve cc from file:///Users/welch/Work/Cocos/SDK/up_sdk_cocos/TS/Demo/TPN_Cocos_Demo/assets/script/AnyThinkAds/ATSDK.ts as cce:/internal/x/cc.
15:28:32 debug: Resolve cc from file:///Users/welch/Work/Cocos/SDK/up_sdk_cocos/TS/Demo/TPN_Cocos_Demo/assets/script/AnyThinkAds/ATSDK.ts as cce:/internal/x/cc.
15:28:32 debug: Resolve ./Android/ATAndroidTS from file:///Users/welch/Work/Cocos/SDK/up_sdk_cocos/TS/Demo/TPN_Cocos_Demo/assets/script/AnyThinkAds/ATSDK.ts as file:///Users/welch/Work/Cocos/SDK/up_sdk_cocos/TS/Demo/TPN_Cocos_Demo/assets/script/AnyThinkAds/Android/ATAndroidTS.ts.
15:28:32 debug: Detected change: file:///Users/welch/Work/Cocos/SDK/up_sdk_cocos/TS/Demo/TPN_Cocos_Demo/assets/script/AnyThinkAds/Android/ATAndroidTS.ts. Last mtime: Sat Nov 30 2024 16:06:32 GMT+0800 (中国标准时间)@d4060149-dd71-48a0-958a-4fcfd43948dd, Current mtime: Thu May 29 2025 15:27:12 GMT+0800 (中国标准时间)@d4060149-dd71-48a0-958a-4fcfd43948dd
15:28:32 debug: Inspect file:///Users/welch/Work/Cocos/SDK/up_sdk_cocos/TS/Demo/TPN_Cocos_Demo/assets/script/AnyThinkAds/Android/ATAndroidTS.ts
15:28:32 debug: Resolve cc from file:///Users/welch/Work/Cocos/SDK/up_sdk_cocos/TS/Demo/TPN_Cocos_Demo/assets/script/AnyThinkAds/Android/ATAndroidTS.ts as cce:/internal/x/cc.
15:28:32 debug: Resolve cc from file:///Users/welch/Work/Cocos/SDK/up_sdk_cocos/TS/Demo/TPN_Cocos_Demo/assets/script/AnyThinkAds/Android/ATAndroidTS.ts as cce:/internal/x/cc.
15:28:32 debug: Resolve cc from file:///Users/welch/Work/Cocos/SDK/up_sdk_cocos/TS/Demo/TPN_Cocos_Demo/assets/script/AnyThinkAds/Android/ATAndroidTS.ts as cce:/internal/x/cc.
15:28:32 debug: Resolve ./iOS/ATiOSTS from file:///Users/welch/Work/Cocos/SDK/up_sdk_cocos/TS/Demo/TPN_Cocos_Demo/assets/script/AnyThinkAds/ATSDK.ts as file:///Users/welch/Work/Cocos/SDK/up_sdk_cocos/TS/Demo/TPN_Cocos_Demo/assets/script/AnyThinkAds/iOS/ATiOSTS.ts.
15:28:32 debug: Resolve cc from file:///Users/welch/Work/Cocos/SDK/up_sdk_cocos/TS/Demo/TPN_Cocos_Demo/assets/script/AnyThinkAds/ATSDK.ts as cce:/internal/x/cc.
15:28:32 debug: Resolve cc from file:///Users/welch/Work/Cocos/SDK/up_sdk_cocos/TS/Demo/TPN_Cocos_Demo/assets/script/AnyThinkAds/ATRewardedVideo.ts as cce:/internal/x/cc.
15:28:32 debug: Resolve file:///Users/welch/Work/Cocos/SDK/up_sdk_cocos/TS/Demo/TPN_Cocos_Demo/assets/script/AnyThinkAds/ATSDK.ts from cce:/internal/x/prerequisite-imports as file:///Users/welch/Work/Cocos/SDK/up_sdk_cocos/TS/Demo/TPN_Cocos_Demo/assets/script/AnyThinkAds/ATSDK.ts.
15:28:32 debug: Resolve file:///Users/welch/Work/Cocos/SDK/up_sdk_cocos/TS/Demo/TPN_Cocos_Demo/assets/script/AnyThinkAds/ATSplash.ts from cce:/internal/x/prerequisite-imports as file:///Users/welch/Work/Cocos/SDK/up_sdk_cocos/TS/Demo/TPN_Cocos_Demo/assets/script/AnyThinkAds/ATSplash.ts.
15:28:32 debug: Resolve cce:/internal/code-quality/cr.mjs from file:///Users/welch/Work/Cocos/SDK/up_sdk_cocos/TS/Demo/TPN_Cocos_Demo/assets/script/AnyThinkAds/ATSplash.ts as cce:/internal/code-quality/cr.mjs.
15:28:32 debug: Resolve cc from file:///Users/welch/Work/Cocos/SDK/up_sdk_cocos/TS/Demo/TPN_Cocos_Demo/assets/script/AnyThinkAds/ATSplash.ts as cce:/internal/x/cc.
15:28:32 debug: Resolve cc from file:///Users/welch/Work/Cocos/SDK/up_sdk_cocos/TS/Demo/TPN_Cocos_Demo/assets/script/AnyThinkAds/ATSplash.ts as cce:/internal/x/cc.
15:28:32 debug: Resolve ./Android/ATAndroidSplashTS from file:///Users/welch/Work/Cocos/SDK/up_sdk_cocos/TS/Demo/TPN_Cocos_Demo/assets/script/AnyThinkAds/ATSplash.ts as file:///Users/welch/Work/Cocos/SDK/up_sdk_cocos/TS/Demo/TPN_Cocos_Demo/assets/script/AnyThinkAds/Android/ATAndroidSplashTS.ts.
15:28:32 debug: Detected change: file:///Users/welch/Work/Cocos/SDK/up_sdk_cocos/TS/Demo/TPN_Cocos_Demo/assets/script/AnyThinkAds/Android/ATAndroidSplashTS.ts. Last mtime: Sat Nov 30 2024 16:06:32 GMT+0800 (中国标准时间)@5f078c29-d265-4a4d-b4d9-33b3e0f7f1ee, Current mtime: Thu May 29 2025 15:27:12 GMT+0800 (中国标准时间)@5f078c29-d265-4a4d-b4d9-33b3e0f7f1ee
15:28:32 debug: Inspect file:///Users/welch/Work/Cocos/SDK/up_sdk_cocos/TS/Demo/TPN_Cocos_Demo/assets/script/AnyThinkAds/Android/ATAndroidSplashTS.ts
15:28:32 debug: Resolve cc from file:///Users/welch/Work/Cocos/SDK/up_sdk_cocos/TS/Demo/TPN_Cocos_Demo/assets/script/AnyThinkAds/Android/ATAndroidSplashTS.ts as cce:/internal/x/cc.
15:28:32 debug: Resolve cc from file:///Users/welch/Work/Cocos/SDK/up_sdk_cocos/TS/Demo/TPN_Cocos_Demo/assets/script/AnyThinkAds/Android/ATAndroidSplashTS.ts as cce:/internal/x/cc.
15:28:32 debug: Resolve cc from file:///Users/welch/Work/Cocos/SDK/up_sdk_cocos/TS/Demo/TPN_Cocos_Demo/assets/script/AnyThinkAds/Android/ATAndroidSplashTS.ts as cce:/internal/x/cc.
15:28:32 debug: Resolve ./iOS/ATiOSSplashTS from file:///Users/welch/Work/Cocos/SDK/up_sdk_cocos/TS/Demo/TPN_Cocos_Demo/assets/script/AnyThinkAds/ATSplash.ts as file:///Users/welch/Work/Cocos/SDK/up_sdk_cocos/TS/Demo/TPN_Cocos_Demo/assets/script/AnyThinkAds/iOS/ATiOSSplashTS.ts.
15:28:32 debug: Resolve cce:/internal/code-quality/cr.mjs from file:///Users/welch/Work/Cocos/SDK/up_sdk_cocos/TS/Demo/TPN_Cocos_Demo/assets/script/AnyThinkAds/iOS/ATiOSSplashTS.ts as cce:/internal/code-quality/cr.mjs.
15:28:32 debug: Resolve cc from file:///Users/welch/Work/Cocos/SDK/up_sdk_cocos/TS/Demo/TPN_Cocos_Demo/assets/script/AnyThinkAds/iOS/ATiOSSplashTS.ts as cce:/internal/x/cc.
15:28:32 debug: Resolve cc from file:///Users/welch/Work/Cocos/SDK/up_sdk_cocos/TS/Demo/TPN_Cocos_Demo/assets/script/AnyThinkAds/iOS/ATiOSSplashTS.ts as cce:/internal/x/cc.
15:28:32 debug: Resolve ./ATiOSTS from file:///Users/welch/Work/Cocos/SDK/up_sdk_cocos/TS/Demo/TPN_Cocos_Demo/assets/script/AnyThinkAds/iOS/ATiOSSplashTS.ts as file:///Users/welch/Work/Cocos/SDK/up_sdk_cocos/TS/Demo/TPN_Cocos_Demo/assets/script/AnyThinkAds/iOS/ATiOSTS.ts.
15:28:32 debug: Resolve cc from file:///Users/welch/Work/Cocos/SDK/up_sdk_cocos/TS/Demo/TPN_Cocos_Demo/assets/script/AnyThinkAds/iOS/ATiOSSplashTS.ts as cce:/internal/x/cc.
15:28:32 debug: Resolve cc from file:///Users/welch/Work/Cocos/SDK/up_sdk_cocos/TS/Demo/TPN_Cocos_Demo/assets/script/AnyThinkAds/ATSplash.ts as cce:/internal/x/cc.
15:28:32 debug: Resolve file:///Users/welch/Work/Cocos/SDK/up_sdk_cocos/TS/Demo/TPN_Cocos_Demo/assets/script/AnyThinkAds/Android/ATAndroidBannerTS.ts from cce:/internal/x/prerequisite-imports as file:///Users/welch/Work/Cocos/SDK/up_sdk_cocos/TS/Demo/TPN_Cocos_Demo/assets/script/AnyThinkAds/Android/ATAndroidBannerTS.ts.
15:28:32 debug: Resolve file:///Users/welch/Work/Cocos/SDK/up_sdk_cocos/TS/Demo/TPN_Cocos_Demo/assets/script/AnyThinkAds/Android/ATAndroidInterstitialAutoTS.ts from cce:/internal/x/prerequisite-imports as file:///Users/welch/Work/Cocos/SDK/up_sdk_cocos/TS/Demo/TPN_Cocos_Demo/assets/script/AnyThinkAds/Android/ATAndroidInterstitialAutoTS.ts.
15:28:32 debug: Resolve file:///Users/welch/Work/Cocos/SDK/up_sdk_cocos/TS/Demo/TPN_Cocos_Demo/assets/script/AnyThinkAds/Android/ATAndroidInterstitialTS.ts from cce:/internal/x/prerequisite-imports as file:///Users/welch/Work/Cocos/SDK/up_sdk_cocos/TS/Demo/TPN_Cocos_Demo/assets/script/AnyThinkAds/Android/ATAndroidInterstitialTS.ts.
15:28:32 debug: Resolve file:///Users/welch/Work/Cocos/SDK/up_sdk_cocos/TS/Demo/TPN_Cocos_Demo/assets/script/AnyThinkAds/Android/ATAndroidNativeTS.ts from cce:/internal/x/prerequisite-imports as file:///Users/welch/Work/Cocos/SDK/up_sdk_cocos/TS/Demo/TPN_Cocos_Demo/assets/script/AnyThinkAds/Android/ATAndroidNativeTS.ts.
15:28:32 debug: Resolve file:///Users/welch/Work/Cocos/SDK/up_sdk_cocos/TS/Demo/TPN_Cocos_Demo/assets/script/AnyThinkAds/Android/ATAndroidRewardedVideoAutoTS.ts from cce:/internal/x/prerequisite-imports as file:///Users/welch/Work/Cocos/SDK/up_sdk_cocos/TS/Demo/TPN_Cocos_Demo/assets/script/AnyThinkAds/Android/ATAndroidRewardedVideoAutoTS.ts.
15:28:32 debug: Resolve file:///Users/welch/Work/Cocos/SDK/up_sdk_cocos/TS/Demo/TPN_Cocos_Demo/assets/script/AnyThinkAds/Android/ATAndroidRewardedVideoTS.ts from cce:/internal/x/prerequisite-imports as file:///Users/welch/Work/Cocos/SDK/up_sdk_cocos/TS/Demo/TPN_Cocos_Demo/assets/script/AnyThinkAds/Android/ATAndroidRewardedVideoTS.ts.
15:28:32 debug: Resolve file:///Users/welch/Work/Cocos/SDK/up_sdk_cocos/TS/Demo/TPN_Cocos_Demo/assets/script/AnyThinkAds/Android/ATAndroidSplashTS.ts from cce:/internal/x/prerequisite-imports as file:///Users/welch/Work/Cocos/SDK/up_sdk_cocos/TS/Demo/TPN_Cocos_Demo/assets/script/AnyThinkAds/Android/ATAndroidSplashTS.ts.
15:28:32 debug: Resolve file:///Users/welch/Work/Cocos/SDK/up_sdk_cocos/TS/Demo/TPN_Cocos_Demo/assets/script/AnyThinkAds/Android/ATAndroidTS.ts from cce:/internal/x/prerequisite-imports as file:///Users/welch/Work/Cocos/SDK/up_sdk_cocos/TS/Demo/TPN_Cocos_Demo/assets/script/AnyThinkAds/Android/ATAndroidTS.ts.
15:28:32 debug: Resolve file:///Users/welch/Work/Cocos/SDK/up_sdk_cocos/TS/Demo/TPN_Cocos_Demo/assets/script/AnyThinkAds/iOS/ATiOSBannerTS.ts from cce:/internal/x/prerequisite-imports as file:///Users/welch/Work/Cocos/SDK/up_sdk_cocos/TS/Demo/TPN_Cocos_Demo/assets/script/AnyThinkAds/iOS/ATiOSBannerTS.ts.
15:28:32 debug: Resolve file:///Users/welch/Work/Cocos/SDK/up_sdk_cocos/TS/Demo/TPN_Cocos_Demo/assets/script/AnyThinkAds/iOS/ATiOSInterstitiaAutolTS.ts from cce:/internal/x/prerequisite-imports as file:///Users/welch/Work/Cocos/SDK/up_sdk_cocos/TS/Demo/TPN_Cocos_Demo/assets/script/AnyThinkAds/iOS/ATiOSInterstitiaAutolTS.ts.
15:28:32 debug: Resolve file:///Users/welch/Work/Cocos/SDK/up_sdk_cocos/TS/Demo/TPN_Cocos_Demo/assets/script/AnyThinkAds/iOS/ATiOSInterstitialTS.ts from cce:/internal/x/prerequisite-imports as file:///Users/welch/Work/Cocos/SDK/up_sdk_cocos/TS/Demo/TPN_Cocos_Demo/assets/script/AnyThinkAds/iOS/ATiOSInterstitialTS.ts.
15:28:32 debug: Resolve file:///Users/welch/Work/Cocos/SDK/up_sdk_cocos/TS/Demo/TPN_Cocos_Demo/assets/script/AnyThinkAds/iOS/ATiOSNativeTS.ts from cce:/internal/x/prerequisite-imports as file:///Users/welch/Work/Cocos/SDK/up_sdk_cocos/TS/Demo/TPN_Cocos_Demo/assets/script/AnyThinkAds/iOS/ATiOSNativeTS.ts.
15:28:32 debug: Resolve file:///Users/welch/Work/Cocos/SDK/up_sdk_cocos/TS/Demo/TPN_Cocos_Demo/assets/script/AnyThinkAds/iOS/ATiOSRewardedAutoVideoTS.ts from cce:/internal/x/prerequisite-imports as file:///Users/welch/Work/Cocos/SDK/up_sdk_cocos/TS/Demo/TPN_Cocos_Demo/assets/script/AnyThinkAds/iOS/ATiOSRewardedAutoVideoTS.ts.
15:28:32 debug: Resolve file:///Users/welch/Work/Cocos/SDK/up_sdk_cocos/TS/Demo/TPN_Cocos_Demo/assets/script/AnyThinkAds/iOS/ATiOSRewardedVideoTS.ts from cce:/internal/x/prerequisite-imports as file:///Users/welch/Work/Cocos/SDK/up_sdk_cocos/TS/Demo/TPN_Cocos_Demo/assets/script/AnyThinkAds/iOS/ATiOSRewardedVideoTS.ts.
15:28:32 debug: Resolve file:///Users/welch/Work/Cocos/SDK/up_sdk_cocos/TS/Demo/TPN_Cocos_Demo/assets/script/AnyThinkAds/iOS/ATiOSSplashTS.ts from cce:/internal/x/prerequisite-imports as file:///Users/welch/Work/Cocos/SDK/up_sdk_cocos/TS/Demo/TPN_Cocos_Demo/assets/script/AnyThinkAds/iOS/ATiOSSplashTS.ts.
15:28:32 debug: Resolve file:///Users/welch/Work/Cocos/SDK/up_sdk_cocos/TS/Demo/TPN_Cocos_Demo/assets/script/AnyThinkAds/iOS/ATiOSTS.ts from cce:/internal/x/prerequisite-imports as file:///Users/welch/Work/Cocos/SDK/up_sdk_cocos/TS/Demo/TPN_Cocos_Demo/assets/script/AnyThinkAds/iOS/ATiOSTS.ts.
15:28:32 debug: Resolve file:///Users/welch/Work/Cocos/SDK/up_sdk_cocos/TS/Demo/TPN_Cocos_Demo/assets/script/AutoLoadAdsSceneScript.ts from cce:/internal/x/prerequisite-imports as file:///Users/welch/Work/Cocos/SDK/up_sdk_cocos/TS/Demo/TPN_Cocos_Demo/assets/script/AutoLoadAdsSceneScript.ts.
15:28:32 debug: Resolve cce:/internal/code-quality/cr.mjs from file:///Users/welch/Work/Cocos/SDK/up_sdk_cocos/TS/Demo/TPN_Cocos_Demo/assets/script/AutoLoadAdsSceneScript.ts as cce:/internal/code-quality/cr.mjs.
15:28:32 debug: Resolve cc from file:///Users/welch/Work/Cocos/SDK/up_sdk_cocos/TS/Demo/TPN_Cocos_Demo/assets/script/AutoLoadAdsSceneScript.ts as cce:/internal/x/cc.
15:28:32 debug: Resolve cc from file:///Users/welch/Work/Cocos/SDK/up_sdk_cocos/TS/Demo/TPN_Cocos_Demo/assets/script/AutoLoadAdsSceneScript.ts as cce:/internal/x/cc.
15:28:32 debug: Resolve db://assets/script/AnyThinkAds/ATRewardedAutoVideo from file:///Users/welch/Work/Cocos/SDK/up_sdk_cocos/TS/Demo/TPN_Cocos_Demo/assets/script/AutoLoadAdsSceneScript.ts as file:///Users/welch/Work/Cocos/SDK/up_sdk_cocos/TS/Demo/TPN_Cocos_Demo/assets/script/AnyThinkAds/ATRewardedAutoVideo.ts.
15:28:32 debug: Resolve db://assets/script/AnyThinkAds/ATInterstitialAuto from file:///Users/welch/Work/Cocos/SDK/up_sdk_cocos/TS/Demo/TPN_Cocos_Demo/assets/script/AutoLoadAdsSceneScript.ts as file:///Users/welch/Work/Cocos/SDK/up_sdk_cocos/TS/Demo/TPN_Cocos_Demo/assets/script/AnyThinkAds/ATInterstitialAuto.ts.
15:28:32 debug: Resolve db://assets/script/Constant from file:///Users/welch/Work/Cocos/SDK/up_sdk_cocos/TS/Demo/TPN_Cocos_Demo/assets/script/AutoLoadAdsSceneScript.ts as file:///Users/welch/Work/Cocos/SDK/up_sdk_cocos/TS/Demo/TPN_Cocos_Demo/assets/script/Constant.ts.
15:28:32 debug: Resolve cc from file:///Users/welch/Work/Cocos/SDK/up_sdk_cocos/TS/Demo/TPN_Cocos_Demo/assets/script/Constant.ts as cce:/internal/x/cc.
15:28:32 debug: Resolve cc from file:///Users/welch/Work/Cocos/SDK/up_sdk_cocos/TS/Demo/TPN_Cocos_Demo/assets/script/Constant.ts as cce:/internal/x/cc.
15:28:32 debug: Resolve cc from file:///Users/welch/Work/Cocos/SDK/up_sdk_cocos/TS/Demo/TPN_Cocos_Demo/assets/script/Constant.ts as cce:/internal/x/cc.
15:28:32 debug: Resolve cc from file:///Users/welch/Work/Cocos/SDK/up_sdk_cocos/TS/Demo/TPN_Cocos_Demo/assets/script/AutoLoadAdsSceneScript.ts as cce:/internal/x/cc.
15:28:32 debug: Resolve cc from file:///Users/welch/Work/Cocos/SDK/up_sdk_cocos/TS/Demo/TPN_Cocos_Demo/assets/script/AutoLoadAdsSceneScript.ts as cce:/internal/x/cc.
15:28:32 debug: Resolve file:///Users/welch/Work/Cocos/SDK/up_sdk_cocos/TS/Demo/TPN_Cocos_Demo/assets/script/Constant.ts from cce:/internal/x/prerequisite-imports as file:///Users/welch/Work/Cocos/SDK/up_sdk_cocos/TS/Demo/TPN_Cocos_Demo/assets/script/Constant.ts.
15:28:32 debug: Resolve file:///Users/welch/Work/Cocos/SDK/up_sdk_cocos/TS/Demo/TPN_Cocos_Demo/assets/script/MainSceneScript.ts from cce:/internal/x/prerequisite-imports as file:///Users/welch/Work/Cocos/SDK/up_sdk_cocos/TS/Demo/TPN_Cocos_Demo/assets/script/MainSceneScript.ts.
15:28:32 debug: Detected change: file:///Users/welch/Work/Cocos/SDK/up_sdk_cocos/TS/Demo/TPN_Cocos_Demo/assets/script/MainSceneScript.ts. Last mtime: Fri Dec 13 2024 11:21:59 GMT+0800 (中国标准时间)@bacc9063-2a6e-4db0-af9b-88fe89f7f3e7, Current mtime: Thu May 29 2025 15:27:19 GMT+0800 (中国标准时间)@bacc9063-2a6e-4db0-af9b-88fe89f7f3e7
15:28:32 debug: Inspect file:///Users/welch/Work/Cocos/SDK/up_sdk_cocos/TS/Demo/TPN_Cocos_Demo/assets/script/MainSceneScript.ts
15:28:32 debug: Resolve cce:/internal/code-quality/cr.mjs from file:///Users/welch/Work/Cocos/SDK/up_sdk_cocos/TS/Demo/TPN_Cocos_Demo/assets/script/MainSceneScript.ts as cce:/internal/code-quality/cr.mjs.
15:28:32 debug: Resolve cc from file:///Users/welch/Work/Cocos/SDK/up_sdk_cocos/TS/Demo/TPN_Cocos_Demo/assets/script/MainSceneScript.ts as cce:/internal/x/cc.
15:28:32 debug: Resolve cc from file:///Users/welch/Work/Cocos/SDK/up_sdk_cocos/TS/Demo/TPN_Cocos_Demo/assets/script/MainSceneScript.ts as cce:/internal/x/cc.
15:28:32 debug: Resolve db://assets/script/AnyThinkAds/ATSDK from file:///Users/welch/Work/Cocos/SDK/up_sdk_cocos/TS/Demo/TPN_Cocos_Demo/assets/script/MainSceneScript.ts as file:///Users/welch/Work/Cocos/SDK/up_sdk_cocos/TS/Demo/TPN_Cocos_Demo/assets/script/AnyThinkAds/ATSDK.ts.
15:28:32 debug: Resolve db://assets/script/AnyThinkAds/ATBanner from file:///Users/welch/Work/Cocos/SDK/up_sdk_cocos/TS/Demo/TPN_Cocos_Demo/assets/script/MainSceneScript.ts as file:///Users/welch/Work/Cocos/SDK/up_sdk_cocos/TS/Demo/TPN_Cocos_Demo/assets/script/AnyThinkAds/ATBanner.ts.
15:28:32 debug: Resolve db://assets/script/AnyThinkAds/ATRewardedVideo from file:///Users/welch/Work/Cocos/SDK/up_sdk_cocos/TS/Demo/TPN_Cocos_Demo/assets/script/MainSceneScript.ts as file:///Users/welch/Work/Cocos/SDK/up_sdk_cocos/TS/Demo/TPN_Cocos_Demo/assets/script/AnyThinkAds/ATRewardedVideo.ts.
15:28:32 debug: Resolve db://assets/script/AnyThinkAds/ATNative from file:///Users/welch/Work/Cocos/SDK/up_sdk_cocos/TS/Demo/TPN_Cocos_Demo/assets/script/MainSceneScript.ts as file:///Users/welch/Work/Cocos/SDK/up_sdk_cocos/TS/Demo/TPN_Cocos_Demo/assets/script/AnyThinkAds/ATNative.ts.
15:28:32 debug: Resolve db://assets/script/AnyThinkAds/ATInterstitial from file:///Users/welch/Work/Cocos/SDK/up_sdk_cocos/TS/Demo/TPN_Cocos_Demo/assets/script/MainSceneScript.ts as file:///Users/welch/Work/Cocos/SDK/up_sdk_cocos/TS/Demo/TPN_Cocos_Demo/assets/script/AnyThinkAds/ATInterstitial.ts.
15:28:32 debug: Resolve db://assets/script/AnyThinkAds/ATSplash from file:///Users/welch/Work/Cocos/SDK/up_sdk_cocos/TS/Demo/TPN_Cocos_Demo/assets/script/MainSceneScript.ts as file:///Users/welch/Work/Cocos/SDK/up_sdk_cocos/TS/Demo/TPN_Cocos_Demo/assets/script/AnyThinkAds/ATSplash.ts.
15:28:32 debug: Resolve db://assets/script/Constant from file:///Users/welch/Work/Cocos/SDK/up_sdk_cocos/TS/Demo/TPN_Cocos_Demo/assets/script/MainSceneScript.ts as file:///Users/welch/Work/Cocos/SDK/up_sdk_cocos/TS/Demo/TPN_Cocos_Demo/assets/script/Constant.ts.
15:28:32 debug: Resolve cc from file:///Users/welch/Work/Cocos/SDK/up_sdk_cocos/TS/Demo/TPN_Cocos_Demo/assets/script/MainSceneScript.ts as cce:/internal/x/cc.
15:28:32 debug: Resolve cc from file:///Users/welch/Work/Cocos/SDK/up_sdk_cocos/TS/Demo/TPN_Cocos_Demo/assets/script/MainSceneScript.ts as cce:/internal/x/cc.
15:28:32 debug: Target(editor) ends with cost 398.66620898246765ms.
15:28:32 debug: Target(preview) build started.
15:28:32 debug: Detected change: cce:/internal/x/cc. Last mtime: Thu Jan 01 1970 08:00:07 GMT+0800 (中国标准时间), Current mtime: Thu Jan 01 1970 08:00:07 GMT+0800 (中国标准时间)
15:28:32 debug: Inspect cce:/internal/x/cc
15:28:32 debug: Resolve cce:/internal/x/cc-fu/2d from cce:/internal/x/cc as external dependency cce:/internal/x/cc-fu/2d.
15:28:32 debug: Resolve cce:/internal/x/cc-fu/sorting from cce:/internal/x/cc as external dependency cce:/internal/x/cc-fu/sorting.
15:28:32 debug: Resolve cce:/internal/x/cc-fu/3d from cce:/internal/x/cc as external dependency cce:/internal/x/cc-fu/3d.
15:28:32 debug: Resolve cce:/internal/x/cc-fu/animation from cce:/internal/x/cc as external dependency cce:/internal/x/cc-fu/animation.
15:28:32 debug: Resolve cce:/internal/x/cc-fu/audio from cce:/internal/x/cc as external dependency cce:/internal/x/cc-fu/audio.
15:28:32 debug: Resolve cce:/internal/x/cc-fu/base from cce:/internal/x/cc as external dependency cce:/internal/x/cc-fu/base.
15:28:32 debug: Resolve cce:/internal/x/cc-fu/custom-pipeline from cce:/internal/x/cc as external dependency cce:/internal/x/cc-fu/custom-pipeline.
15:28:32 debug: Resolve cce:/internal/x/cc-fu/dragon-bones from cce:/internal/x/cc as external dependency cce:/internal/x/cc-fu/dragon-bones.
15:28:32 debug: Resolve cce:/internal/x/cc-fu/gfx-webgl from cce:/internal/x/cc as external dependency cce:/internal/x/cc-fu/gfx-webgl.
15:28:32 debug: Resolve cce:/internal/x/cc-fu/intersection-2d from cce:/internal/x/cc as external dependency cce:/internal/x/cc-fu/intersection-2d.
15:28:32 debug: Resolve cce:/internal/x/cc-fu/light-probe from cce:/internal/x/cc as external dependency cce:/internal/x/cc-fu/light-probe.
15:28:32 debug: Resolve cce:/internal/x/cc-fu/particle from cce:/internal/x/cc as external dependency cce:/internal/x/cc-fu/particle.
15:28:32 debug: Resolve cce:/internal/x/cc-fu/particle-2d from cce:/internal/x/cc as external dependency cce:/internal/x/cc-fu/particle-2d.
15:28:32 debug: Resolve cce:/internal/x/cc-fu/physics-2d-box2d from cce:/internal/x/cc as external dependency cce:/internal/x/cc-fu/physics-2d-box2d.
15:28:32 debug: Resolve cce:/internal/x/cc-fu/physics-2d-framework from cce:/internal/x/cc as external dependency cce:/internal/x/cc-fu/physics-2d-framework.
15:28:32 debug: Resolve cce:/internal/x/cc-fu/physics-ammo from cce:/internal/x/cc as external dependency cce:/internal/x/cc-fu/physics-ammo.
15:28:32 debug: Resolve cce:/internal/x/cc-fu/physics-framework from cce:/internal/x/cc as external dependency cce:/internal/x/cc-fu/physics-framework.
15:28:32 debug: Resolve cce:/internal/x/cc-fu/wait-for-ammo-instantiation from cce:/internal/x/cc as external dependency cce:/internal/x/cc-fu/wait-for-ammo-instantiation.
15:28:32 debug: Resolve cce:/internal/x/cc-fu/primitive from cce:/internal/x/cc as external dependency cce:/internal/x/cc-fu/primitive.
15:28:32 debug: Resolve cce:/internal/x/cc-fu/profiler from cce:/internal/x/cc as external dependency cce:/internal/x/cc-fu/profiler.
15:28:32 debug: Resolve cce:/internal/x/cc-fu/skeletal-animation from cce:/internal/x/cc as external dependency cce:/internal/x/cc-fu/skeletal-animation.
15:28:32 debug: Resolve cce:/internal/x/cc-fu/spine from cce:/internal/x/cc as external dependency cce:/internal/x/cc-fu/spine.
15:28:32 debug: Resolve cce:/internal/x/cc-fu/terrain from cce:/internal/x/cc as external dependency cce:/internal/x/cc-fu/terrain.
15:28:32 debug: Resolve cce:/internal/x/cc-fu/tiled-map from cce:/internal/x/cc as external dependency cce:/internal/x/cc-fu/tiled-map.
15:28:32 debug: Resolve cce:/internal/x/cc-fu/tween from cce:/internal/x/cc as external dependency cce:/internal/x/cc-fu/tween.
15:28:32 debug: Resolve cce:/internal/x/cc-fu/ui from cce:/internal/x/cc as external dependency cce:/internal/x/cc-fu/ui.
15:28:32 debug: Resolve cce:/internal/x/cc-fu/video from cce:/internal/x/cc as external dependency cce:/internal/x/cc-fu/video.
15:28:32 debug: Resolve cce:/internal/x/cc-fu/webview from cce:/internal/x/cc as external dependency cce:/internal/x/cc-fu/webview.
15:28:32 debug: Detected change: cce:/internal/x/prerequisite-imports. Last mtime: Thu Jan 01 1970 08:00:08 GMT+0800 (中国标准时间), Current mtime: Thu Jan 01 1970 08:00:07 GMT+0800 (中国标准时间)
15:28:32 debug: Inspect cce:/internal/x/prerequisite-imports
15:28:32 debug: Resolve file:///Applications/Cocos/Creator/3.8.4/CocosCreator.app/Contents/Resources/resources/3d/engine/editor/assets/default_renderpipeline/builtin-pipeline-settings.ts from cce:/internal/x/prerequisite-imports as file:///Applications/Cocos/Creator/3.8.4/CocosCreator.app/Contents/Resources/resources/3d/engine/editor/assets/default_renderpipeline/builtin-pipeline-settings.ts.
15:28:32 debug: Resolve cce:/internal/code-quality/cr.mjs from file:///Applications/Cocos/Creator/3.8.4/CocosCreator.app/Contents/Resources/resources/3d/engine/editor/assets/default_renderpipeline/builtin-pipeline-settings.ts as cce:/internal/code-quality/cr.mjs.
15:28:32 debug: Detected change: cce:/internal/code-quality/cr.mjs. Last mtime: Wed May 14 2025 21:35:54 GMT+0800 (中国标准时间), Current mtime: Thu May 29 2025 15:28:24 GMT+0800 (中国标准时间)
15:28:32 debug: Inspect cce:/internal/code-quality/cr.mjs
15:28:32 debug: Resolve cc from file:///Applications/Cocos/Creator/3.8.4/CocosCreator.app/Contents/Resources/resources/3d/engine/editor/assets/default_renderpipeline/builtin-pipeline-settings.ts as cce:/internal/x/cc.
15:28:32 debug: Resolve cc from file:///Applications/Cocos/Creator/3.8.4/CocosCreator.app/Contents/Resources/resources/3d/engine/editor/assets/default_renderpipeline/builtin-pipeline-settings.ts as cce:/internal/x/cc.
15:28:32 debug: Resolve cc from file:///Applications/Cocos/Creator/3.8.4/CocosCreator.app/Contents/Resources/resources/3d/engine/editor/assets/default_renderpipeline/builtin-pipeline-settings.ts as cce:/internal/x/cc.
15:28:32 debug: Resolve cc/env from file:///Applications/Cocos/Creator/3.8.4/CocosCreator.app/Contents/Resources/resources/3d/engine/editor/assets/default_renderpipeline/builtin-pipeline-settings.ts as external dependency cc/env.
15:28:32 debug: Resolve ./builtin-pipeline-types from file:///Applications/Cocos/Creator/3.8.4/CocosCreator.app/Contents/Resources/resources/3d/engine/editor/assets/default_renderpipeline/builtin-pipeline-settings.ts as file:///Applications/Cocos/Creator/3.8.4/CocosCreator.app/Contents/Resources/resources/3d/engine/editor/assets/default_renderpipeline/builtin-pipeline-types.ts.
15:28:32 debug: Resolve cc from file:///Applications/Cocos/Creator/3.8.4/CocosCreator.app/Contents/Resources/resources/3d/engine/editor/assets/default_renderpipeline/builtin-pipeline-types.ts as cce:/internal/x/cc.
15:28:32 debug: Resolve cc from file:///Applications/Cocos/Creator/3.8.4/CocosCreator.app/Contents/Resources/resources/3d/engine/editor/assets/default_renderpipeline/builtin-pipeline-types.ts as cce:/internal/x/cc.
15:28:32 debug: Resolve cc from file:///Applications/Cocos/Creator/3.8.4/CocosCreator.app/Contents/Resources/resources/3d/engine/editor/assets/default_renderpipeline/builtin-pipeline-types.ts as cce:/internal/x/cc.
15:28:32 debug: Resolve file:///Applications/Cocos/Creator/3.8.4/CocosCreator.app/Contents/Resources/resources/3d/engine/editor/assets/default_renderpipeline/builtin-pipeline-types.ts from cce:/internal/x/prerequisite-imports as file:///Applications/Cocos/Creator/3.8.4/CocosCreator.app/Contents/Resources/resources/3d/engine/editor/assets/default_renderpipeline/builtin-pipeline-types.ts.
15:28:32 debug: Resolve file:///Applications/Cocos/Creator/3.8.4/CocosCreator.app/Contents/Resources/resources/3d/engine/editor/assets/default_renderpipeline/builtin-pipeline.ts from cce:/internal/x/prerequisite-imports as file:///Applications/Cocos/Creator/3.8.4/CocosCreator.app/Contents/Resources/resources/3d/engine/editor/assets/default_renderpipeline/builtin-pipeline.ts.
15:28:32 debug: Resolve cce:/internal/code-quality/cr.mjs from file:///Applications/Cocos/Creator/3.8.4/CocosCreator.app/Contents/Resources/resources/3d/engine/editor/assets/default_renderpipeline/builtin-pipeline.ts as cce:/internal/code-quality/cr.mjs.
15:28:32 debug: Resolve cc from file:///Applications/Cocos/Creator/3.8.4/CocosCreator.app/Contents/Resources/resources/3d/engine/editor/assets/default_renderpipeline/builtin-pipeline.ts as cce:/internal/x/cc.
15:28:32 debug: Resolve cc from file:///Applications/Cocos/Creator/3.8.4/CocosCreator.app/Contents/Resources/resources/3d/engine/editor/assets/default_renderpipeline/builtin-pipeline.ts as cce:/internal/x/cc.
15:28:32 debug: Resolve cc/env from file:///Applications/Cocos/Creator/3.8.4/CocosCreator.app/Contents/Resources/resources/3d/engine/editor/assets/default_renderpipeline/builtin-pipeline.ts as external dependency cc/env.
15:28:32 debug: Resolve cc from file:///Applications/Cocos/Creator/3.8.4/CocosCreator.app/Contents/Resources/resources/3d/engine/editor/assets/default_renderpipeline/builtin-pipeline.ts as cce:/internal/x/cc.
15:28:32 debug: Resolve ./builtin-pipeline-types from file:///Applications/Cocos/Creator/3.8.4/CocosCreator.app/Contents/Resources/resources/3d/engine/editor/assets/default_renderpipeline/builtin-pipeline.ts as file:///Applications/Cocos/Creator/3.8.4/CocosCreator.app/Contents/Resources/resources/3d/engine/editor/assets/default_renderpipeline/builtin-pipeline-types.ts.
15:28:32 debug: Resolve file:///Applications/Cocos/Creator/3.8.4/CocosCreator.app/Contents/Resources/resources/3d/engine/editor/assets/tools/debug-view-runtime-control.ts from cce:/internal/x/prerequisite-imports as file:///Applications/Cocos/Creator/3.8.4/CocosCreator.app/Contents/Resources/resources/3d/engine/editor/assets/tools/debug-view-runtime-control.ts.
15:28:32 debug: Resolve cc from file:///Applications/Cocos/Creator/3.8.4/CocosCreator.app/Contents/Resources/resources/3d/engine/editor/assets/tools/debug-view-runtime-control.ts as cce:/internal/x/cc.
15:28:32 debug: Resolve cc from file:///Applications/Cocos/Creator/3.8.4/CocosCreator.app/Contents/Resources/resources/3d/engine/editor/assets/tools/debug-view-runtime-control.ts as cce:/internal/x/cc.
15:28:32 debug: Resolve cc from file:///Applications/Cocos/Creator/3.8.4/CocosCreator.app/Contents/Resources/resources/3d/engine/editor/assets/tools/debug-view-runtime-control.ts as cce:/internal/x/cc.
15:28:32 debug: Resolve file:///Users/welch/Work/Cocos/SDK/up_sdk_cocos/TS/Demo/TPN_Cocos_Demo/assets/script/AnyThinkAds/ATBanner.ts from cce:/internal/x/prerequisite-imports as file:///Users/welch/Work/Cocos/SDK/up_sdk_cocos/TS/Demo/TPN_Cocos_Demo/assets/script/AnyThinkAds/ATBanner.ts.
15:28:32 debug: Resolve cce:/internal/code-quality/cr.mjs from file:///Users/welch/Work/Cocos/SDK/up_sdk_cocos/TS/Demo/TPN_Cocos_Demo/assets/script/AnyThinkAds/ATBanner.ts as cce:/internal/code-quality/cr.mjs.
15:28:32 debug: Resolve cc from file:///Users/welch/Work/Cocos/SDK/up_sdk_cocos/TS/Demo/TPN_Cocos_Demo/assets/script/AnyThinkAds/ATBanner.ts as cce:/internal/x/cc.
15:28:32 debug: Resolve cc from file:///Users/welch/Work/Cocos/SDK/up_sdk_cocos/TS/Demo/TPN_Cocos_Demo/assets/script/AnyThinkAds/ATBanner.ts as cce:/internal/x/cc.
15:28:32 debug: Resolve ./Android/ATAndroidBannerTS from file:///Users/welch/Work/Cocos/SDK/up_sdk_cocos/TS/Demo/TPN_Cocos_Demo/assets/script/AnyThinkAds/ATBanner.ts as file:///Users/welch/Work/Cocos/SDK/up_sdk_cocos/TS/Demo/TPN_Cocos_Demo/assets/script/AnyThinkAds/Android/ATAndroidBannerTS.ts.
15:28:32 debug: Detected change: file:///Users/welch/Work/Cocos/SDK/up_sdk_cocos/TS/Demo/TPN_Cocos_Demo/assets/script/AnyThinkAds/Android/ATAndroidBannerTS.ts. Last mtime: Sat Nov 30 2024 16:06:32 GMT+0800 (中国标准时间)@965fa614-e0e9-4a8f-87cb-2b3305297466, Current mtime: Thu May 29 2025 15:27:12 GMT+0800 (中国标准时间)@965fa614-e0e9-4a8f-87cb-2b3305297466
15:28:32 debug: Inspect file:///Users/welch/Work/Cocos/SDK/up_sdk_cocos/TS/Demo/TPN_Cocos_Demo/assets/script/AnyThinkAds/Android/ATAndroidBannerTS.ts
15:28:32 debug: Resolve cc from file:///Users/welch/Work/Cocos/SDK/up_sdk_cocos/TS/Demo/TPN_Cocos_Demo/assets/script/AnyThinkAds/Android/ATAndroidBannerTS.ts as cce:/internal/x/cc.
15:28:32 debug: Resolve cc from file:///Users/welch/Work/Cocos/SDK/up_sdk_cocos/TS/Demo/TPN_Cocos_Demo/assets/script/AnyThinkAds/Android/ATAndroidBannerTS.ts as cce:/internal/x/cc.
15:28:32 debug: Resolve cc from file:///Users/welch/Work/Cocos/SDK/up_sdk_cocos/TS/Demo/TPN_Cocos_Demo/assets/script/AnyThinkAds/Android/ATAndroidBannerTS.ts as cce:/internal/x/cc.
15:28:32 debug: Resolve ./iOS/ATiOSBannerTS from file:///Users/welch/Work/Cocos/SDK/up_sdk_cocos/TS/Demo/TPN_Cocos_Demo/assets/script/AnyThinkAds/ATBanner.ts as file:///Users/welch/Work/Cocos/SDK/up_sdk_cocos/TS/Demo/TPN_Cocos_Demo/assets/script/AnyThinkAds/iOS/ATiOSBannerTS.ts.
15:28:32 debug: Resolve cce:/internal/code-quality/cr.mjs from file:///Users/welch/Work/Cocos/SDK/up_sdk_cocos/TS/Demo/TPN_Cocos_Demo/assets/script/AnyThinkAds/iOS/ATiOSBannerTS.ts as cce:/internal/code-quality/cr.mjs.
15:28:32 debug: Resolve cc from file:///Users/welch/Work/Cocos/SDK/up_sdk_cocos/TS/Demo/TPN_Cocos_Demo/assets/script/AnyThinkAds/iOS/ATiOSBannerTS.ts as cce:/internal/x/cc.
15:28:32 debug: Resolve cc from file:///Users/welch/Work/Cocos/SDK/up_sdk_cocos/TS/Demo/TPN_Cocos_Demo/assets/script/AnyThinkAds/iOS/ATiOSBannerTS.ts as cce:/internal/x/cc.
15:28:32 debug: Resolve cc from file:///Users/welch/Work/Cocos/SDK/up_sdk_cocos/TS/Demo/TPN_Cocos_Demo/assets/script/AnyThinkAds/iOS/ATiOSBannerTS.ts as cce:/internal/x/cc.
15:28:32 debug: Resolve ./ATiOSTS from file:///Users/welch/Work/Cocos/SDK/up_sdk_cocos/TS/Demo/TPN_Cocos_Demo/assets/script/AnyThinkAds/iOS/ATiOSBannerTS.ts as file:///Users/welch/Work/Cocos/SDK/up_sdk_cocos/TS/Demo/TPN_Cocos_Demo/assets/script/AnyThinkAds/iOS/ATiOSTS.ts.
15:28:32 debug: Resolve cc from file:///Users/welch/Work/Cocos/SDK/up_sdk_cocos/TS/Demo/TPN_Cocos_Demo/assets/script/AnyThinkAds/iOS/ATiOSTS.ts as cce:/internal/x/cc.
15:28:32 debug: Resolve cc from file:///Users/welch/Work/Cocos/SDK/up_sdk_cocos/TS/Demo/TPN_Cocos_Demo/assets/script/AnyThinkAds/iOS/ATiOSTS.ts as cce:/internal/x/cc.
15:28:32 debug: Resolve cc from file:///Users/welch/Work/Cocos/SDK/up_sdk_cocos/TS/Demo/TPN_Cocos_Demo/assets/script/AnyThinkAds/iOS/ATiOSTS.ts as cce:/internal/x/cc.
15:28:32 debug: Resolve cc from file:///Users/welch/Work/Cocos/SDK/up_sdk_cocos/TS/Demo/TPN_Cocos_Demo/assets/script/AnyThinkAds/ATBanner.ts as cce:/internal/x/cc.
15:28:32 debug: Resolve file:///Users/welch/Work/Cocos/SDK/up_sdk_cocos/TS/Demo/TPN_Cocos_Demo/assets/script/AnyThinkAds/ATInterstitial.ts from cce:/internal/x/prerequisite-imports as file:///Users/welch/Work/Cocos/SDK/up_sdk_cocos/TS/Demo/TPN_Cocos_Demo/assets/script/AnyThinkAds/ATInterstitial.ts.
15:28:32 debug: Resolve cce:/internal/code-quality/cr.mjs from file:///Users/welch/Work/Cocos/SDK/up_sdk_cocos/TS/Demo/TPN_Cocos_Demo/assets/script/AnyThinkAds/ATInterstitial.ts as cce:/internal/code-quality/cr.mjs.
15:28:32 debug: Resolve cc from file:///Users/welch/Work/Cocos/SDK/up_sdk_cocos/TS/Demo/TPN_Cocos_Demo/assets/script/AnyThinkAds/ATInterstitial.ts as cce:/internal/x/cc.
15:28:32 debug: Resolve cc from file:///Users/welch/Work/Cocos/SDK/up_sdk_cocos/TS/Demo/TPN_Cocos_Demo/assets/script/AnyThinkAds/ATInterstitial.ts as cce:/internal/x/cc.
15:28:32 debug: Resolve ./Android/ATAndroidInterstitialTS from file:///Users/welch/Work/Cocos/SDK/up_sdk_cocos/TS/Demo/TPN_Cocos_Demo/assets/script/AnyThinkAds/ATInterstitial.ts as file:///Users/welch/Work/Cocos/SDK/up_sdk_cocos/TS/Demo/TPN_Cocos_Demo/assets/script/AnyThinkAds/Android/ATAndroidInterstitialTS.ts.
15:28:32 debug: Detected change: file:///Users/welch/Work/Cocos/SDK/up_sdk_cocos/TS/Demo/TPN_Cocos_Demo/assets/script/AnyThinkAds/Android/ATAndroidInterstitialTS.ts. Last mtime: Sat Nov 30 2024 16:06:32 GMT+0800 (中国标准时间)@c43081a4-7da8-4f16-b5e6-09b1c9cce917, Current mtime: Thu May 29 2025 15:27:12 GMT+0800 (中国标准时间)@c43081a4-7da8-4f16-b5e6-09b1c9cce917
15:28:32 debug: Inspect file:///Users/welch/Work/Cocos/SDK/up_sdk_cocos/TS/Demo/TPN_Cocos_Demo/assets/script/AnyThinkAds/Android/ATAndroidInterstitialTS.ts
15:28:32 debug: Resolve cc from file:///Users/welch/Work/Cocos/SDK/up_sdk_cocos/TS/Demo/TPN_Cocos_Demo/assets/script/AnyThinkAds/Android/ATAndroidInterstitialTS.ts as cce:/internal/x/cc.
15:28:32 debug: Resolve cc from file:///Users/welch/Work/Cocos/SDK/up_sdk_cocos/TS/Demo/TPN_Cocos_Demo/assets/script/AnyThinkAds/Android/ATAndroidInterstitialTS.ts as cce:/internal/x/cc.
15:28:32 debug: Resolve cc from file:///Users/welch/Work/Cocos/SDK/up_sdk_cocos/TS/Demo/TPN_Cocos_Demo/assets/script/AnyThinkAds/Android/ATAndroidInterstitialTS.ts as cce:/internal/x/cc.
15:28:32 debug: Resolve ./iOS/ATiOSInterstitialTS from file:///Users/welch/Work/Cocos/SDK/up_sdk_cocos/TS/Demo/TPN_Cocos_Demo/assets/script/AnyThinkAds/ATInterstitial.ts as file:///Users/welch/Work/Cocos/SDK/up_sdk_cocos/TS/Demo/TPN_Cocos_Demo/assets/script/AnyThinkAds/iOS/ATiOSInterstitialTS.ts.
15:28:32 debug: Resolve cce:/internal/code-quality/cr.mjs from file:///Users/welch/Work/Cocos/SDK/up_sdk_cocos/TS/Demo/TPN_Cocos_Demo/assets/script/AnyThinkAds/iOS/ATiOSInterstitialTS.ts as cce:/internal/code-quality/cr.mjs.
15:28:32 debug: Resolve cc from file:///Users/welch/Work/Cocos/SDK/up_sdk_cocos/TS/Demo/TPN_Cocos_Demo/assets/script/AnyThinkAds/iOS/ATiOSInterstitialTS.ts as cce:/internal/x/cc.
15:28:32 debug: Resolve cc from file:///Users/welch/Work/Cocos/SDK/up_sdk_cocos/TS/Demo/TPN_Cocos_Demo/assets/script/AnyThinkAds/iOS/ATiOSInterstitialTS.ts as cce:/internal/x/cc.
15:28:32 debug: Resolve cc from file:///Users/welch/Work/Cocos/SDK/up_sdk_cocos/TS/Demo/TPN_Cocos_Demo/assets/script/AnyThinkAds/iOS/ATiOSInterstitialTS.ts as cce:/internal/x/cc.
15:28:32 debug: Resolve ./ATiOSTS from file:///Users/welch/Work/Cocos/SDK/up_sdk_cocos/TS/Demo/TPN_Cocos_Demo/assets/script/AnyThinkAds/iOS/ATiOSInterstitialTS.ts as file:///Users/welch/Work/Cocos/SDK/up_sdk_cocos/TS/Demo/TPN_Cocos_Demo/assets/script/AnyThinkAds/iOS/ATiOSTS.ts.
15:28:32 debug: Resolve cc from file:///Users/welch/Work/Cocos/SDK/up_sdk_cocos/TS/Demo/TPN_Cocos_Demo/assets/script/AnyThinkAds/ATInterstitial.ts as cce:/internal/x/cc.
15:28:32 debug: Resolve file:///Users/welch/Work/Cocos/SDK/up_sdk_cocos/TS/Demo/TPN_Cocos_Demo/assets/script/AnyThinkAds/ATInterstitialAuto.ts from cce:/internal/x/prerequisite-imports as file:///Users/welch/Work/Cocos/SDK/up_sdk_cocos/TS/Demo/TPN_Cocos_Demo/assets/script/AnyThinkAds/ATInterstitialAuto.ts.
15:28:32 debug: Resolve cce:/internal/code-quality/cr.mjs from file:///Users/welch/Work/Cocos/SDK/up_sdk_cocos/TS/Demo/TPN_Cocos_Demo/assets/script/AnyThinkAds/ATInterstitialAuto.ts as cce:/internal/code-quality/cr.mjs.
15:28:32 debug: Resolve cc from file:///Users/welch/Work/Cocos/SDK/up_sdk_cocos/TS/Demo/TPN_Cocos_Demo/assets/script/AnyThinkAds/ATInterstitialAuto.ts as cce:/internal/x/cc.
15:28:32 debug: Resolve cc from file:///Users/welch/Work/Cocos/SDK/up_sdk_cocos/TS/Demo/TPN_Cocos_Demo/assets/script/AnyThinkAds/ATInterstitialAuto.ts as cce:/internal/x/cc.
15:28:32 debug: Resolve ./Android/ATAndroidInterstitialAutoTS from file:///Users/welch/Work/Cocos/SDK/up_sdk_cocos/TS/Demo/TPN_Cocos_Demo/assets/script/AnyThinkAds/ATInterstitialAuto.ts as file:///Users/welch/Work/Cocos/SDK/up_sdk_cocos/TS/Demo/TPN_Cocos_Demo/assets/script/AnyThinkAds/Android/ATAndroidInterstitialAutoTS.ts.
15:28:32 debug: Detected change: file:///Users/welch/Work/Cocos/SDK/up_sdk_cocos/TS/Demo/TPN_Cocos_Demo/assets/script/AnyThinkAds/Android/ATAndroidInterstitialAutoTS.ts. Last mtime: Sat Nov 30 2024 16:06:32 GMT+0800 (中国标准时间)@a1727201-a787-4604-b55f-9e826fcb87c2, Current mtime: Thu May 29 2025 15:27:12 GMT+0800 (中国标准时间)@a1727201-a787-4604-b55f-9e826fcb87c2
15:28:32 debug: Inspect file:///Users/welch/Work/Cocos/SDK/up_sdk_cocos/TS/Demo/TPN_Cocos_Demo/assets/script/AnyThinkAds/Android/ATAndroidInterstitialAutoTS.ts
15:28:32 debug: Resolve cc from file:///Users/welch/Work/Cocos/SDK/up_sdk_cocos/TS/Demo/TPN_Cocos_Demo/assets/script/AnyThinkAds/Android/ATAndroidInterstitialAutoTS.ts as cce:/internal/x/cc.
15:28:32 debug: Resolve cc from file:///Users/welch/Work/Cocos/SDK/up_sdk_cocos/TS/Demo/TPN_Cocos_Demo/assets/script/AnyThinkAds/Android/ATAndroidInterstitialAutoTS.ts as cce:/internal/x/cc.
15:28:32 debug: Resolve cc from file:///Users/welch/Work/Cocos/SDK/up_sdk_cocos/TS/Demo/TPN_Cocos_Demo/assets/script/AnyThinkAds/Android/ATAndroidInterstitialAutoTS.ts as cce:/internal/x/cc.
15:28:32 debug: Resolve ./iOS/ATiOSInterstitiaAutolTS from file:///Users/welch/Work/Cocos/SDK/up_sdk_cocos/TS/Demo/TPN_Cocos_Demo/assets/script/AnyThinkAds/ATInterstitialAuto.ts as file:///Users/welch/Work/Cocos/SDK/up_sdk_cocos/TS/Demo/TPN_Cocos_Demo/assets/script/AnyThinkAds/iOS/ATiOSInterstitiaAutolTS.ts.
15:28:32 debug: Resolve cce:/internal/code-quality/cr.mjs from file:///Users/welch/Work/Cocos/SDK/up_sdk_cocos/TS/Demo/TPN_Cocos_Demo/assets/script/AnyThinkAds/iOS/ATiOSInterstitiaAutolTS.ts as cce:/internal/code-quality/cr.mjs.
15:28:32 debug: Resolve cc from file:///Users/welch/Work/Cocos/SDK/up_sdk_cocos/TS/Demo/TPN_Cocos_Demo/assets/script/AnyThinkAds/iOS/ATiOSInterstitiaAutolTS.ts as cce:/internal/x/cc.
15:28:32 debug: Resolve cc from file:///Users/welch/Work/Cocos/SDK/up_sdk_cocos/TS/Demo/TPN_Cocos_Demo/assets/script/AnyThinkAds/iOS/ATiOSInterstitiaAutolTS.ts as cce:/internal/x/cc.
15:28:32 debug: Resolve cc from file:///Users/welch/Work/Cocos/SDK/up_sdk_cocos/TS/Demo/TPN_Cocos_Demo/assets/script/AnyThinkAds/iOS/ATiOSInterstitiaAutolTS.ts as cce:/internal/x/cc.
15:28:32 debug: Resolve ./ATiOSTS from file:///Users/welch/Work/Cocos/SDK/up_sdk_cocos/TS/Demo/TPN_Cocos_Demo/assets/script/AnyThinkAds/iOS/ATiOSInterstitiaAutolTS.ts as file:///Users/welch/Work/Cocos/SDK/up_sdk_cocos/TS/Demo/TPN_Cocos_Demo/assets/script/AnyThinkAds/iOS/ATiOSTS.ts.
15:28:32 debug: Resolve cc from file:///Users/welch/Work/Cocos/SDK/up_sdk_cocos/TS/Demo/TPN_Cocos_Demo/assets/script/AnyThinkAds/ATInterstitialAuto.ts as cce:/internal/x/cc.
15:28:32 debug: Resolve file:///Users/welch/Work/Cocos/SDK/up_sdk_cocos/TS/Demo/TPN_Cocos_Demo/assets/script/AnyThinkAds/ATNative.ts from cce:/internal/x/prerequisite-imports as file:///Users/welch/Work/Cocos/SDK/up_sdk_cocos/TS/Demo/TPN_Cocos_Demo/assets/script/AnyThinkAds/ATNative.ts.
15:28:32 debug: Resolve cce:/internal/code-quality/cr.mjs from file:///Users/welch/Work/Cocos/SDK/up_sdk_cocos/TS/Demo/TPN_Cocos_Demo/assets/script/AnyThinkAds/ATNative.ts as cce:/internal/code-quality/cr.mjs.
15:28:32 debug: Resolve cc from file:///Users/welch/Work/Cocos/SDK/up_sdk_cocos/TS/Demo/TPN_Cocos_Demo/assets/script/AnyThinkAds/ATNative.ts as cce:/internal/x/cc.
15:28:32 debug: Resolve cc from file:///Users/welch/Work/Cocos/SDK/up_sdk_cocos/TS/Demo/TPN_Cocos_Demo/assets/script/AnyThinkAds/ATNative.ts as cce:/internal/x/cc.
15:28:32 debug: Resolve ./iOS/ATiOSNativeTS from file:///Users/welch/Work/Cocos/SDK/up_sdk_cocos/TS/Demo/TPN_Cocos_Demo/assets/script/AnyThinkAds/ATNative.ts as file:///Users/welch/Work/Cocos/SDK/up_sdk_cocos/TS/Demo/TPN_Cocos_Demo/assets/script/AnyThinkAds/iOS/ATiOSNativeTS.ts.
15:28:32 debug: Resolve cce:/internal/code-quality/cr.mjs from file:///Users/welch/Work/Cocos/SDK/up_sdk_cocos/TS/Demo/TPN_Cocos_Demo/assets/script/AnyThinkAds/iOS/ATiOSNativeTS.ts as cce:/internal/code-quality/cr.mjs.
15:28:32 debug: Resolve cc from file:///Users/welch/Work/Cocos/SDK/up_sdk_cocos/TS/Demo/TPN_Cocos_Demo/assets/script/AnyThinkAds/iOS/ATiOSNativeTS.ts as cce:/internal/x/cc.
15:28:32 debug: Resolve cc from file:///Users/welch/Work/Cocos/SDK/up_sdk_cocos/TS/Demo/TPN_Cocos_Demo/assets/script/AnyThinkAds/iOS/ATiOSNativeTS.ts as cce:/internal/x/cc.
15:28:32 debug: Resolve cc from file:///Users/welch/Work/Cocos/SDK/up_sdk_cocos/TS/Demo/TPN_Cocos_Demo/assets/script/AnyThinkAds/iOS/ATiOSNativeTS.ts as cce:/internal/x/cc.
15:28:32 debug: Resolve ./ATiOSTS from file:///Users/welch/Work/Cocos/SDK/up_sdk_cocos/TS/Demo/TPN_Cocos_Demo/assets/script/AnyThinkAds/iOS/ATiOSNativeTS.ts as file:///Users/welch/Work/Cocos/SDK/up_sdk_cocos/TS/Demo/TPN_Cocos_Demo/assets/script/AnyThinkAds/iOS/ATiOSTS.ts.
15:28:32 debug: Resolve ./Android/ATAndroidNativeTS from file:///Users/welch/Work/Cocos/SDK/up_sdk_cocos/TS/Demo/TPN_Cocos_Demo/assets/script/AnyThinkAds/ATNative.ts as file:///Users/welch/Work/Cocos/SDK/up_sdk_cocos/TS/Demo/TPN_Cocos_Demo/assets/script/AnyThinkAds/Android/ATAndroidNativeTS.ts.
15:28:32 debug: Detected change: file:///Users/welch/Work/Cocos/SDK/up_sdk_cocos/TS/Demo/TPN_Cocos_Demo/assets/script/AnyThinkAds/Android/ATAndroidNativeTS.ts. Last mtime: Sat Nov 30 2024 16:06:32 GMT+0800 (中国标准时间)@bc6df121-9862-45ce-b6e5-e80358dae64c, Current mtime: Thu May 29 2025 15:27:12 GMT+0800 (中国标准时间)@bc6df121-9862-45ce-b6e5-e80358dae64c
15:28:32 debug: Inspect file:///Users/welch/Work/Cocos/SDK/up_sdk_cocos/TS/Demo/TPN_Cocos_Demo/assets/script/AnyThinkAds/Android/ATAndroidNativeTS.ts
15:28:32 debug: Resolve cc from file:///Users/welch/Work/Cocos/SDK/up_sdk_cocos/TS/Demo/TPN_Cocos_Demo/assets/script/AnyThinkAds/Android/ATAndroidNativeTS.ts as cce:/internal/x/cc.
15:28:32 debug: Resolve cc from file:///Users/welch/Work/Cocos/SDK/up_sdk_cocos/TS/Demo/TPN_Cocos_Demo/assets/script/AnyThinkAds/Android/ATAndroidNativeTS.ts as cce:/internal/x/cc.
15:28:32 debug: Resolve cc from file:///Users/welch/Work/Cocos/SDK/up_sdk_cocos/TS/Demo/TPN_Cocos_Demo/assets/script/AnyThinkAds/Android/ATAndroidNativeTS.ts as cce:/internal/x/cc.
15:28:32 debug: Resolve cc from file:///Users/welch/Work/Cocos/SDK/up_sdk_cocos/TS/Demo/TPN_Cocos_Demo/assets/script/AnyThinkAds/ATNative.ts as cce:/internal/x/cc.
15:28:32 debug: Resolve file:///Users/welch/Work/Cocos/SDK/up_sdk_cocos/TS/Demo/TPN_Cocos_Demo/assets/script/AnyThinkAds/ATRewardedAutoVideo.ts from cce:/internal/x/prerequisite-imports as file:///Users/welch/Work/Cocos/SDK/up_sdk_cocos/TS/Demo/TPN_Cocos_Demo/assets/script/AnyThinkAds/ATRewardedAutoVideo.ts.
15:28:32 debug: Resolve cce:/internal/code-quality/cr.mjs from file:///Users/welch/Work/Cocos/SDK/up_sdk_cocos/TS/Demo/TPN_Cocos_Demo/assets/script/AnyThinkAds/ATRewardedAutoVideo.ts as cce:/internal/code-quality/cr.mjs.
15:28:32 debug: Resolve cc from file:///Users/welch/Work/Cocos/SDK/up_sdk_cocos/TS/Demo/TPN_Cocos_Demo/assets/script/AnyThinkAds/ATRewardedAutoVideo.ts as cce:/internal/x/cc.
15:28:32 debug: Resolve cc from file:///Users/welch/Work/Cocos/SDK/up_sdk_cocos/TS/Demo/TPN_Cocos_Demo/assets/script/AnyThinkAds/ATRewardedAutoVideo.ts as cce:/internal/x/cc.
15:28:32 debug: Resolve ./Android/ATAndroidRewardedVideoAutoTS from file:///Users/welch/Work/Cocos/SDK/up_sdk_cocos/TS/Demo/TPN_Cocos_Demo/assets/script/AnyThinkAds/ATRewardedAutoVideo.ts as file:///Users/welch/Work/Cocos/SDK/up_sdk_cocos/TS/Demo/TPN_Cocos_Demo/assets/script/AnyThinkAds/Android/ATAndroidRewardedVideoAutoTS.ts.
15:28:32 debug: Detected change: file:///Users/welch/Work/Cocos/SDK/up_sdk_cocos/TS/Demo/TPN_Cocos_Demo/assets/script/AnyThinkAds/Android/ATAndroidRewardedVideoAutoTS.ts. Last mtime: Sat Nov 30 2024 16:06:32 GMT+0800 (中国标准时间)@36dfae11-b010-41b9-8c0e-bd8eedbcd3e5, Current mtime: Thu May 29 2025 15:27:12 GMT+0800 (中国标准时间)@36dfae11-b010-41b9-8c0e-bd8eedbcd3e5
15:28:32 debug: Inspect file:///Users/welch/Work/Cocos/SDK/up_sdk_cocos/TS/Demo/TPN_Cocos_Demo/assets/script/AnyThinkAds/Android/ATAndroidRewardedVideoAutoTS.ts
15:28:32 debug: Resolve cc from file:///Users/welch/Work/Cocos/SDK/up_sdk_cocos/TS/Demo/TPN_Cocos_Demo/assets/script/AnyThinkAds/Android/ATAndroidRewardedVideoAutoTS.ts as cce:/internal/x/cc.
15:28:32 debug: Resolve cc from file:///Users/welch/Work/Cocos/SDK/up_sdk_cocos/TS/Demo/TPN_Cocos_Demo/assets/script/AnyThinkAds/Android/ATAndroidRewardedVideoAutoTS.ts as cce:/internal/x/cc.
15:28:32 debug: Resolve cc from file:///Users/welch/Work/Cocos/SDK/up_sdk_cocos/TS/Demo/TPN_Cocos_Demo/assets/script/AnyThinkAds/Android/ATAndroidRewardedVideoAutoTS.ts as cce:/internal/x/cc.
15:28:32 debug: Resolve ./iOS/ATiOSRewardedAutoVideoTS from file:///Users/welch/Work/Cocos/SDK/up_sdk_cocos/TS/Demo/TPN_Cocos_Demo/assets/script/AnyThinkAds/ATRewardedAutoVideo.ts as file:///Users/welch/Work/Cocos/SDK/up_sdk_cocos/TS/Demo/TPN_Cocos_Demo/assets/script/AnyThinkAds/iOS/ATiOSRewardedAutoVideoTS.ts.
15:28:32 debug: Resolve cce:/internal/code-quality/cr.mjs from file:///Users/welch/Work/Cocos/SDK/up_sdk_cocos/TS/Demo/TPN_Cocos_Demo/assets/script/AnyThinkAds/iOS/ATiOSRewardedAutoVideoTS.ts as cce:/internal/code-quality/cr.mjs.
15:28:32 debug: Resolve cc from file:///Users/welch/Work/Cocos/SDK/up_sdk_cocos/TS/Demo/TPN_Cocos_Demo/assets/script/AnyThinkAds/iOS/ATiOSRewardedAutoVideoTS.ts as cce:/internal/x/cc.
15:28:32 debug: Resolve cc from file:///Users/welch/Work/Cocos/SDK/up_sdk_cocos/TS/Demo/TPN_Cocos_Demo/assets/script/AnyThinkAds/iOS/ATiOSRewardedAutoVideoTS.ts as cce:/internal/x/cc.
15:28:32 debug: Resolve cc from file:///Users/welch/Work/Cocos/SDK/up_sdk_cocos/TS/Demo/TPN_Cocos_Demo/assets/script/AnyThinkAds/iOS/ATiOSRewardedAutoVideoTS.ts as cce:/internal/x/cc.
15:28:32 debug: Resolve ./ATiOSTS from file:///Users/welch/Work/Cocos/SDK/up_sdk_cocos/TS/Demo/TPN_Cocos_Demo/assets/script/AnyThinkAds/iOS/ATiOSRewardedAutoVideoTS.ts as file:///Users/welch/Work/Cocos/SDK/up_sdk_cocos/TS/Demo/TPN_Cocos_Demo/assets/script/AnyThinkAds/iOS/ATiOSTS.ts.
15:28:32 debug: Resolve cc from file:///Users/welch/Work/Cocos/SDK/up_sdk_cocos/TS/Demo/TPN_Cocos_Demo/assets/script/AnyThinkAds/ATRewardedAutoVideo.ts as cce:/internal/x/cc.
15:28:32 debug: Resolve file:///Users/welch/Work/Cocos/SDK/up_sdk_cocos/TS/Demo/TPN_Cocos_Demo/assets/script/AnyThinkAds/ATRewardedVideo.ts from cce:/internal/x/prerequisite-imports as file:///Users/welch/Work/Cocos/SDK/up_sdk_cocos/TS/Demo/TPN_Cocos_Demo/assets/script/AnyThinkAds/ATRewardedVideo.ts.
15:28:32 debug: Resolve cce:/internal/code-quality/cr.mjs from file:///Users/welch/Work/Cocos/SDK/up_sdk_cocos/TS/Demo/TPN_Cocos_Demo/assets/script/AnyThinkAds/ATRewardedVideo.ts as cce:/internal/code-quality/cr.mjs.
15:28:32 debug: Resolve cc from file:///Users/welch/Work/Cocos/SDK/up_sdk_cocos/TS/Demo/TPN_Cocos_Demo/assets/script/AnyThinkAds/ATRewardedVideo.ts as cce:/internal/x/cc.
15:28:32 debug: Resolve cc from file:///Users/welch/Work/Cocos/SDK/up_sdk_cocos/TS/Demo/TPN_Cocos_Demo/assets/script/AnyThinkAds/ATRewardedVideo.ts as cce:/internal/x/cc.
15:28:32 debug: Resolve ./Android/ATAndroidRewardedVideoTS from file:///Users/welch/Work/Cocos/SDK/up_sdk_cocos/TS/Demo/TPN_Cocos_Demo/assets/script/AnyThinkAds/ATRewardedVideo.ts as file:///Users/welch/Work/Cocos/SDK/up_sdk_cocos/TS/Demo/TPN_Cocos_Demo/assets/script/AnyThinkAds/Android/ATAndroidRewardedVideoTS.ts.
15:28:32 debug: Detected change: file:///Users/welch/Work/Cocos/SDK/up_sdk_cocos/TS/Demo/TPN_Cocos_Demo/assets/script/AnyThinkAds/Android/ATAndroidRewardedVideoTS.ts. Last mtime: Sat Nov 30 2024 16:06:32 GMT+0800 (中国标准时间)@8111c1fb-6ffe-42ab-b714-ef46b326fa25, Current mtime: Thu May 29 2025 15:27:12 GMT+0800 (中国标准时间)@8111c1fb-6ffe-42ab-b714-ef46b326fa25
15:28:32 debug: Inspect file:///Users/welch/Work/Cocos/SDK/up_sdk_cocos/TS/Demo/TPN_Cocos_Demo/assets/script/AnyThinkAds/Android/ATAndroidRewardedVideoTS.ts
15:28:32 debug: Resolve cc from file:///Users/welch/Work/Cocos/SDK/up_sdk_cocos/TS/Demo/TPN_Cocos_Demo/assets/script/AnyThinkAds/Android/ATAndroidRewardedVideoTS.ts as cce:/internal/x/cc.
15:28:32 debug: Resolve cc from file:///Users/welch/Work/Cocos/SDK/up_sdk_cocos/TS/Demo/TPN_Cocos_Demo/assets/script/AnyThinkAds/Android/ATAndroidRewardedVideoTS.ts as cce:/internal/x/cc.
15:28:32 debug: Resolve cc from file:///Users/welch/Work/Cocos/SDK/up_sdk_cocos/TS/Demo/TPN_Cocos_Demo/assets/script/AnyThinkAds/Android/ATAndroidRewardedVideoTS.ts as cce:/internal/x/cc.
15:28:32 debug: Resolve ./iOS/ATiOSRewardedVideoTS from file:///Users/welch/Work/Cocos/SDK/up_sdk_cocos/TS/Demo/TPN_Cocos_Demo/assets/script/AnyThinkAds/ATRewardedVideo.ts as file:///Users/welch/Work/Cocos/SDK/up_sdk_cocos/TS/Demo/TPN_Cocos_Demo/assets/script/AnyThinkAds/iOS/ATiOSRewardedVideoTS.ts.
15:28:32 debug: Resolve cce:/internal/code-quality/cr.mjs from file:///Users/welch/Work/Cocos/SDK/up_sdk_cocos/TS/Demo/TPN_Cocos_Demo/assets/script/AnyThinkAds/iOS/ATiOSRewardedVideoTS.ts as cce:/internal/code-quality/cr.mjs.
15:28:32 debug: Resolve cc from file:///Users/welch/Work/Cocos/SDK/up_sdk_cocos/TS/Demo/TPN_Cocos_Demo/assets/script/AnyThinkAds/iOS/ATiOSRewardedVideoTS.ts as cce:/internal/x/cc.
15:28:32 debug: Resolve cc from file:///Users/welch/Work/Cocos/SDK/up_sdk_cocos/TS/Demo/TPN_Cocos_Demo/assets/script/AnyThinkAds/iOS/ATiOSRewardedVideoTS.ts as cce:/internal/x/cc.
15:28:32 debug: Resolve cc from file:///Users/welch/Work/Cocos/SDK/up_sdk_cocos/TS/Demo/TPN_Cocos_Demo/assets/script/AnyThinkAds/iOS/ATiOSRewardedVideoTS.ts as cce:/internal/x/cc.
15:28:32 debug: Resolve ./ATiOSTS from file:///Users/welch/Work/Cocos/SDK/up_sdk_cocos/TS/Demo/TPN_Cocos_Demo/assets/script/AnyThinkAds/iOS/ATiOSRewardedVideoTS.ts as file:///Users/welch/Work/Cocos/SDK/up_sdk_cocos/TS/Demo/TPN_Cocos_Demo/assets/script/AnyThinkAds/iOS/ATiOSTS.ts.
15:28:32 debug: Resolve ./ATSDK from file:///Users/welch/Work/Cocos/SDK/up_sdk_cocos/TS/Demo/TPN_Cocos_Demo/assets/script/AnyThinkAds/ATRewardedVideo.ts as file:///Users/welch/Work/Cocos/SDK/up_sdk_cocos/TS/Demo/TPN_Cocos_Demo/assets/script/AnyThinkAds/ATSDK.ts.
15:28:32 debug: Resolve cce:/internal/code-quality/cr.mjs from file:///Users/welch/Work/Cocos/SDK/up_sdk_cocos/TS/Demo/TPN_Cocos_Demo/assets/script/AnyThinkAds/ATSDK.ts as cce:/internal/code-quality/cr.mjs.
15:28:32 debug: Resolve cc from file:///Users/welch/Work/Cocos/SDK/up_sdk_cocos/TS/Demo/TPN_Cocos_Demo/assets/script/AnyThinkAds/ATSDK.ts as cce:/internal/x/cc.
15:28:32 debug: Resolve cc from file:///Users/welch/Work/Cocos/SDK/up_sdk_cocos/TS/Demo/TPN_Cocos_Demo/assets/script/AnyThinkAds/ATSDK.ts as cce:/internal/x/cc.
15:28:32 debug: Resolve ./Android/ATAndroidTS from file:///Users/welch/Work/Cocos/SDK/up_sdk_cocos/TS/Demo/TPN_Cocos_Demo/assets/script/AnyThinkAds/ATSDK.ts as file:///Users/welch/Work/Cocos/SDK/up_sdk_cocos/TS/Demo/TPN_Cocos_Demo/assets/script/AnyThinkAds/Android/ATAndroidTS.ts.
15:28:32 debug: Detected change: file:///Users/welch/Work/Cocos/SDK/up_sdk_cocos/TS/Demo/TPN_Cocos_Demo/assets/script/AnyThinkAds/Android/ATAndroidTS.ts. Last mtime: Sat Nov 30 2024 16:06:32 GMT+0800 (中国标准时间)@d4060149-dd71-48a0-958a-4fcfd43948dd, Current mtime: Thu May 29 2025 15:27:12 GMT+0800 (中国标准时间)@d4060149-dd71-48a0-958a-4fcfd43948dd
15:28:32 debug: Inspect file:///Users/welch/Work/Cocos/SDK/up_sdk_cocos/TS/Demo/TPN_Cocos_Demo/assets/script/AnyThinkAds/Android/ATAndroidTS.ts
15:28:32 debug: Resolve cc from file:///Users/welch/Work/Cocos/SDK/up_sdk_cocos/TS/Demo/TPN_Cocos_Demo/assets/script/AnyThinkAds/Android/ATAndroidTS.ts as cce:/internal/x/cc.
15:28:32 debug: Resolve cc from file:///Users/welch/Work/Cocos/SDK/up_sdk_cocos/TS/Demo/TPN_Cocos_Demo/assets/script/AnyThinkAds/Android/ATAndroidTS.ts as cce:/internal/x/cc.
15:28:32 debug: Resolve cc from file:///Users/welch/Work/Cocos/SDK/up_sdk_cocos/TS/Demo/TPN_Cocos_Demo/assets/script/AnyThinkAds/Android/ATAndroidTS.ts as cce:/internal/x/cc.
15:28:32 debug: Resolve ./iOS/ATiOSTS from file:///Users/welch/Work/Cocos/SDK/up_sdk_cocos/TS/Demo/TPN_Cocos_Demo/assets/script/AnyThinkAds/ATSDK.ts as file:///Users/welch/Work/Cocos/SDK/up_sdk_cocos/TS/Demo/TPN_Cocos_Demo/assets/script/AnyThinkAds/iOS/ATiOSTS.ts.
15:28:32 debug: Resolve cc from file:///Users/welch/Work/Cocos/SDK/up_sdk_cocos/TS/Demo/TPN_Cocos_Demo/assets/script/AnyThinkAds/ATSDK.ts as cce:/internal/x/cc.
15:28:32 debug: Resolve cc from file:///Users/welch/Work/Cocos/SDK/up_sdk_cocos/TS/Demo/TPN_Cocos_Demo/assets/script/AnyThinkAds/ATRewardedVideo.ts as cce:/internal/x/cc.
15:28:32 debug: Resolve file:///Users/welch/Work/Cocos/SDK/up_sdk_cocos/TS/Demo/TPN_Cocos_Demo/assets/script/AnyThinkAds/ATSDK.ts from cce:/internal/x/prerequisite-imports as file:///Users/welch/Work/Cocos/SDK/up_sdk_cocos/TS/Demo/TPN_Cocos_Demo/assets/script/AnyThinkAds/ATSDK.ts.
15:28:32 debug: Resolve file:///Users/welch/Work/Cocos/SDK/up_sdk_cocos/TS/Demo/TPN_Cocos_Demo/assets/script/AnyThinkAds/ATSplash.ts from cce:/internal/x/prerequisite-imports as file:///Users/welch/Work/Cocos/SDK/up_sdk_cocos/TS/Demo/TPN_Cocos_Demo/assets/script/AnyThinkAds/ATSplash.ts.
15:28:32 debug: Resolve cce:/internal/code-quality/cr.mjs from file:///Users/welch/Work/Cocos/SDK/up_sdk_cocos/TS/Demo/TPN_Cocos_Demo/assets/script/AnyThinkAds/ATSplash.ts as cce:/internal/code-quality/cr.mjs.
15:28:32 debug: Resolve cc from file:///Users/welch/Work/Cocos/SDK/up_sdk_cocos/TS/Demo/TPN_Cocos_Demo/assets/script/AnyThinkAds/ATSplash.ts as cce:/internal/x/cc.
15:28:32 debug: Resolve cc from file:///Users/welch/Work/Cocos/SDK/up_sdk_cocos/TS/Demo/TPN_Cocos_Demo/assets/script/AnyThinkAds/ATSplash.ts as cce:/internal/x/cc.
15:28:32 debug: Resolve ./Android/ATAndroidSplashTS from file:///Users/welch/Work/Cocos/SDK/up_sdk_cocos/TS/Demo/TPN_Cocos_Demo/assets/script/AnyThinkAds/ATSplash.ts as file:///Users/welch/Work/Cocos/SDK/up_sdk_cocos/TS/Demo/TPN_Cocos_Demo/assets/script/AnyThinkAds/Android/ATAndroidSplashTS.ts.
15:28:32 debug: Detected change: file:///Users/welch/Work/Cocos/SDK/up_sdk_cocos/TS/Demo/TPN_Cocos_Demo/assets/script/AnyThinkAds/Android/ATAndroidSplashTS.ts. Last mtime: Sat Nov 30 2024 16:06:32 GMT+0800 (中国标准时间)@5f078c29-d265-4a4d-b4d9-33b3e0f7f1ee, Current mtime: Thu May 29 2025 15:27:12 GMT+0800 (中国标准时间)@5f078c29-d265-4a4d-b4d9-33b3e0f7f1ee
15:28:32 debug: Inspect file:///Users/welch/Work/Cocos/SDK/up_sdk_cocos/TS/Demo/TPN_Cocos_Demo/assets/script/AnyThinkAds/Android/ATAndroidSplashTS.ts
15:28:32 debug: Resolve cc from file:///Users/welch/Work/Cocos/SDK/up_sdk_cocos/TS/Demo/TPN_Cocos_Demo/assets/script/AnyThinkAds/Android/ATAndroidSplashTS.ts as cce:/internal/x/cc.
15:28:32 debug: Resolve cc from file:///Users/welch/Work/Cocos/SDK/up_sdk_cocos/TS/Demo/TPN_Cocos_Demo/assets/script/AnyThinkAds/Android/ATAndroidSplashTS.ts as cce:/internal/x/cc.
15:28:32 debug: Resolve cc from file:///Users/welch/Work/Cocos/SDK/up_sdk_cocos/TS/Demo/TPN_Cocos_Demo/assets/script/AnyThinkAds/Android/ATAndroidSplashTS.ts as cce:/internal/x/cc.
15:28:32 debug: Resolve ./iOS/ATiOSSplashTS from file:///Users/welch/Work/Cocos/SDK/up_sdk_cocos/TS/Demo/TPN_Cocos_Demo/assets/script/AnyThinkAds/ATSplash.ts as file:///Users/welch/Work/Cocos/SDK/up_sdk_cocos/TS/Demo/TPN_Cocos_Demo/assets/script/AnyThinkAds/iOS/ATiOSSplashTS.ts.
15:28:32 debug: Resolve cce:/internal/code-quality/cr.mjs from file:///Users/welch/Work/Cocos/SDK/up_sdk_cocos/TS/Demo/TPN_Cocos_Demo/assets/script/AnyThinkAds/iOS/ATiOSSplashTS.ts as cce:/internal/code-quality/cr.mjs.
15:28:32 debug: Resolve cc from file:///Users/welch/Work/Cocos/SDK/up_sdk_cocos/TS/Demo/TPN_Cocos_Demo/assets/script/AnyThinkAds/iOS/ATiOSSplashTS.ts as cce:/internal/x/cc.
15:28:32 debug: Resolve cc from file:///Users/welch/Work/Cocos/SDK/up_sdk_cocos/TS/Demo/TPN_Cocos_Demo/assets/script/AnyThinkAds/iOS/ATiOSSplashTS.ts as cce:/internal/x/cc.
15:28:32 debug: Resolve ./ATiOSTS from file:///Users/welch/Work/Cocos/SDK/up_sdk_cocos/TS/Demo/TPN_Cocos_Demo/assets/script/AnyThinkAds/iOS/ATiOSSplashTS.ts as file:///Users/welch/Work/Cocos/SDK/up_sdk_cocos/TS/Demo/TPN_Cocos_Demo/assets/script/AnyThinkAds/iOS/ATiOSTS.ts.
15:28:32 debug: Resolve cc from file:///Users/welch/Work/Cocos/SDK/up_sdk_cocos/TS/Demo/TPN_Cocos_Demo/assets/script/AnyThinkAds/iOS/ATiOSSplashTS.ts as cce:/internal/x/cc.
15:28:32 debug: Resolve cc from file:///Users/welch/Work/Cocos/SDK/up_sdk_cocos/TS/Demo/TPN_Cocos_Demo/assets/script/AnyThinkAds/ATSplash.ts as cce:/internal/x/cc.
15:28:32 debug: Resolve file:///Users/welch/Work/Cocos/SDK/up_sdk_cocos/TS/Demo/TPN_Cocos_Demo/assets/script/AnyThinkAds/Android/ATAndroidBannerTS.ts from cce:/internal/x/prerequisite-imports as file:///Users/welch/Work/Cocos/SDK/up_sdk_cocos/TS/Demo/TPN_Cocos_Demo/assets/script/AnyThinkAds/Android/ATAndroidBannerTS.ts.
15:28:32 debug: Resolve file:///Users/welch/Work/Cocos/SDK/up_sdk_cocos/TS/Demo/TPN_Cocos_Demo/assets/script/AnyThinkAds/Android/ATAndroidInterstitialAutoTS.ts from cce:/internal/x/prerequisite-imports as file:///Users/welch/Work/Cocos/SDK/up_sdk_cocos/TS/Demo/TPN_Cocos_Demo/assets/script/AnyThinkAds/Android/ATAndroidInterstitialAutoTS.ts.
15:28:32 debug: Resolve file:///Users/welch/Work/Cocos/SDK/up_sdk_cocos/TS/Demo/TPN_Cocos_Demo/assets/script/AnyThinkAds/Android/ATAndroidInterstitialTS.ts from cce:/internal/x/prerequisite-imports as file:///Users/welch/Work/Cocos/SDK/up_sdk_cocos/TS/Demo/TPN_Cocos_Demo/assets/script/AnyThinkAds/Android/ATAndroidInterstitialTS.ts.
15:28:32 debug: Resolve file:///Users/welch/Work/Cocos/SDK/up_sdk_cocos/TS/Demo/TPN_Cocos_Demo/assets/script/AnyThinkAds/Android/ATAndroidNativeTS.ts from cce:/internal/x/prerequisite-imports as file:///Users/welch/Work/Cocos/SDK/up_sdk_cocos/TS/Demo/TPN_Cocos_Demo/assets/script/AnyThinkAds/Android/ATAndroidNativeTS.ts.
15:28:32 debug: Resolve file:///Users/welch/Work/Cocos/SDK/up_sdk_cocos/TS/Demo/TPN_Cocos_Demo/assets/script/AnyThinkAds/Android/ATAndroidRewardedVideoAutoTS.ts from cce:/internal/x/prerequisite-imports as file:///Users/welch/Work/Cocos/SDK/up_sdk_cocos/TS/Demo/TPN_Cocos_Demo/assets/script/AnyThinkAds/Android/ATAndroidRewardedVideoAutoTS.ts.
15:28:32 debug: Resolve file:///Users/welch/Work/Cocos/SDK/up_sdk_cocos/TS/Demo/TPN_Cocos_Demo/assets/script/AnyThinkAds/Android/ATAndroidRewardedVideoTS.ts from cce:/internal/x/prerequisite-imports as file:///Users/welch/Work/Cocos/SDK/up_sdk_cocos/TS/Demo/TPN_Cocos_Demo/assets/script/AnyThinkAds/Android/ATAndroidRewardedVideoTS.ts.
15:28:32 debug: Resolve file:///Users/welch/Work/Cocos/SDK/up_sdk_cocos/TS/Demo/TPN_Cocos_Demo/assets/script/AnyThinkAds/Android/ATAndroidSplashTS.ts from cce:/internal/x/prerequisite-imports as file:///Users/welch/Work/Cocos/SDK/up_sdk_cocos/TS/Demo/TPN_Cocos_Demo/assets/script/AnyThinkAds/Android/ATAndroidSplashTS.ts.
15:28:32 debug: Resolve file:///Users/welch/Work/Cocos/SDK/up_sdk_cocos/TS/Demo/TPN_Cocos_Demo/assets/script/AnyThinkAds/Android/ATAndroidTS.ts from cce:/internal/x/prerequisite-imports as file:///Users/welch/Work/Cocos/SDK/up_sdk_cocos/TS/Demo/TPN_Cocos_Demo/assets/script/AnyThinkAds/Android/ATAndroidTS.ts.
15:28:32 debug: Resolve file:///Users/welch/Work/Cocos/SDK/up_sdk_cocos/TS/Demo/TPN_Cocos_Demo/assets/script/AnyThinkAds/iOS/ATiOSBannerTS.ts from cce:/internal/x/prerequisite-imports as file:///Users/welch/Work/Cocos/SDK/up_sdk_cocos/TS/Demo/TPN_Cocos_Demo/assets/script/AnyThinkAds/iOS/ATiOSBannerTS.ts.
15:28:32 debug: Resolve file:///Users/welch/Work/Cocos/SDK/up_sdk_cocos/TS/Demo/TPN_Cocos_Demo/assets/script/AnyThinkAds/iOS/ATiOSInterstitiaAutolTS.ts from cce:/internal/x/prerequisite-imports as file:///Users/welch/Work/Cocos/SDK/up_sdk_cocos/TS/Demo/TPN_Cocos_Demo/assets/script/AnyThinkAds/iOS/ATiOSInterstitiaAutolTS.ts.
15:28:32 debug: Resolve file:///Users/welch/Work/Cocos/SDK/up_sdk_cocos/TS/Demo/TPN_Cocos_Demo/assets/script/AnyThinkAds/iOS/ATiOSInterstitialTS.ts from cce:/internal/x/prerequisite-imports as file:///Users/welch/Work/Cocos/SDK/up_sdk_cocos/TS/Demo/TPN_Cocos_Demo/assets/script/AnyThinkAds/iOS/ATiOSInterstitialTS.ts.
15:28:32 debug: Resolve file:///Users/welch/Work/Cocos/SDK/up_sdk_cocos/TS/Demo/TPN_Cocos_Demo/assets/script/AnyThinkAds/iOS/ATiOSNativeTS.ts from cce:/internal/x/prerequisite-imports as file:///Users/welch/Work/Cocos/SDK/up_sdk_cocos/TS/Demo/TPN_Cocos_Demo/assets/script/AnyThinkAds/iOS/ATiOSNativeTS.ts.
15:28:32 debug: Resolve file:///Users/welch/Work/Cocos/SDK/up_sdk_cocos/TS/Demo/TPN_Cocos_Demo/assets/script/AnyThinkAds/iOS/ATiOSRewardedAutoVideoTS.ts from cce:/internal/x/prerequisite-imports as file:///Users/welch/Work/Cocos/SDK/up_sdk_cocos/TS/Demo/TPN_Cocos_Demo/assets/script/AnyThinkAds/iOS/ATiOSRewardedAutoVideoTS.ts.
15:28:32 debug: Resolve file:///Users/welch/Work/Cocos/SDK/up_sdk_cocos/TS/Demo/TPN_Cocos_Demo/assets/script/AnyThinkAds/iOS/ATiOSRewardedVideoTS.ts from cce:/internal/x/prerequisite-imports as file:///Users/welch/Work/Cocos/SDK/up_sdk_cocos/TS/Demo/TPN_Cocos_Demo/assets/script/AnyThinkAds/iOS/ATiOSRewardedVideoTS.ts.
15:28:32 debug: Resolve file:///Users/welch/Work/Cocos/SDK/up_sdk_cocos/TS/Demo/TPN_Cocos_Demo/assets/script/AnyThinkAds/iOS/ATiOSSplashTS.ts from cce:/internal/x/prerequisite-imports as file:///Users/welch/Work/Cocos/SDK/up_sdk_cocos/TS/Demo/TPN_Cocos_Demo/assets/script/AnyThinkAds/iOS/ATiOSSplashTS.ts.
15:28:32 debug: Resolve file:///Users/welch/Work/Cocos/SDK/up_sdk_cocos/TS/Demo/TPN_Cocos_Demo/assets/script/AnyThinkAds/iOS/ATiOSTS.ts from cce:/internal/x/prerequisite-imports as file:///Users/welch/Work/Cocos/SDK/up_sdk_cocos/TS/Demo/TPN_Cocos_Demo/assets/script/AnyThinkAds/iOS/ATiOSTS.ts.
15:28:32 debug: Resolve file:///Users/welch/Work/Cocos/SDK/up_sdk_cocos/TS/Demo/TPN_Cocos_Demo/assets/script/AutoLoadAdsSceneScript.ts from cce:/internal/x/prerequisite-imports as file:///Users/welch/Work/Cocos/SDK/up_sdk_cocos/TS/Demo/TPN_Cocos_Demo/assets/script/AutoLoadAdsSceneScript.ts.
15:28:32 debug: Resolve cce:/internal/code-quality/cr.mjs from file:///Users/welch/Work/Cocos/SDK/up_sdk_cocos/TS/Demo/TPN_Cocos_Demo/assets/script/AutoLoadAdsSceneScript.ts as cce:/internal/code-quality/cr.mjs.
15:28:32 debug: Resolve cc from file:///Users/welch/Work/Cocos/SDK/up_sdk_cocos/TS/Demo/TPN_Cocos_Demo/assets/script/AutoLoadAdsSceneScript.ts as cce:/internal/x/cc.
15:28:32 debug: Resolve cc from file:///Users/welch/Work/Cocos/SDK/up_sdk_cocos/TS/Demo/TPN_Cocos_Demo/assets/script/AutoLoadAdsSceneScript.ts as cce:/internal/x/cc.
15:28:32 debug: Resolve db://assets/script/AnyThinkAds/ATRewardedAutoVideo from file:///Users/welch/Work/Cocos/SDK/up_sdk_cocos/TS/Demo/TPN_Cocos_Demo/assets/script/AutoLoadAdsSceneScript.ts as file:///Users/welch/Work/Cocos/SDK/up_sdk_cocos/TS/Demo/TPN_Cocos_Demo/assets/script/AnyThinkAds/ATRewardedAutoVideo.ts.
15:28:32 debug: Resolve db://assets/script/AnyThinkAds/ATInterstitialAuto from file:///Users/welch/Work/Cocos/SDK/up_sdk_cocos/TS/Demo/TPN_Cocos_Demo/assets/script/AutoLoadAdsSceneScript.ts as file:///Users/welch/Work/Cocos/SDK/up_sdk_cocos/TS/Demo/TPN_Cocos_Demo/assets/script/AnyThinkAds/ATInterstitialAuto.ts.
15:28:32 debug: Resolve db://assets/script/Constant from file:///Users/welch/Work/Cocos/SDK/up_sdk_cocos/TS/Demo/TPN_Cocos_Demo/assets/script/AutoLoadAdsSceneScript.ts as file:///Users/welch/Work/Cocos/SDK/up_sdk_cocos/TS/Demo/TPN_Cocos_Demo/assets/script/Constant.ts.
15:28:32 debug: Resolve cc from file:///Users/welch/Work/Cocos/SDK/up_sdk_cocos/TS/Demo/TPN_Cocos_Demo/assets/script/Constant.ts as cce:/internal/x/cc.
15:28:32 debug: Resolve cc from file:///Users/welch/Work/Cocos/SDK/up_sdk_cocos/TS/Demo/TPN_Cocos_Demo/assets/script/Constant.ts as cce:/internal/x/cc.
15:28:32 debug: Resolve cc from file:///Users/welch/Work/Cocos/SDK/up_sdk_cocos/TS/Demo/TPN_Cocos_Demo/assets/script/Constant.ts as cce:/internal/x/cc.
15:28:32 debug: Resolve cc from file:///Users/welch/Work/Cocos/SDK/up_sdk_cocos/TS/Demo/TPN_Cocos_Demo/assets/script/AutoLoadAdsSceneScript.ts as cce:/internal/x/cc.
15:28:32 debug: Resolve cc from file:///Users/welch/Work/Cocos/SDK/up_sdk_cocos/TS/Demo/TPN_Cocos_Demo/assets/script/AutoLoadAdsSceneScript.ts as cce:/internal/x/cc.
15:28:32 debug: Resolve file:///Users/welch/Work/Cocos/SDK/up_sdk_cocos/TS/Demo/TPN_Cocos_Demo/assets/script/Constant.ts from cce:/internal/x/prerequisite-imports as file:///Users/welch/Work/Cocos/SDK/up_sdk_cocos/TS/Demo/TPN_Cocos_Demo/assets/script/Constant.ts.
15:28:32 debug: Resolve file:///Users/welch/Work/Cocos/SDK/up_sdk_cocos/TS/Demo/TPN_Cocos_Demo/assets/script/MainSceneScript.ts from cce:/internal/x/prerequisite-imports as file:///Users/welch/Work/Cocos/SDK/up_sdk_cocos/TS/Demo/TPN_Cocos_Demo/assets/script/MainSceneScript.ts.
15:28:32 debug: Detected change: file:///Users/welch/Work/Cocos/SDK/up_sdk_cocos/TS/Demo/TPN_Cocos_Demo/assets/script/MainSceneScript.ts. Last mtime: Fri Dec 13 2024 11:21:59 GMT+0800 (中国标准时间)@bacc9063-2a6e-4db0-af9b-88fe89f7f3e7, Current mtime: Thu May 29 2025 15:27:19 GMT+0800 (中国标准时间)@bacc9063-2a6e-4db0-af9b-88fe89f7f3e7
15:28:32 debug: Inspect file:///Users/welch/Work/Cocos/SDK/up_sdk_cocos/TS/Demo/TPN_Cocos_Demo/assets/script/MainSceneScript.ts
15:28:32 debug: Resolve cce:/internal/code-quality/cr.mjs from file:///Users/welch/Work/Cocos/SDK/up_sdk_cocos/TS/Demo/TPN_Cocos_Demo/assets/script/MainSceneScript.ts as cce:/internal/code-quality/cr.mjs.
15:28:32 debug: Resolve cc from file:///Users/welch/Work/Cocos/SDK/up_sdk_cocos/TS/Demo/TPN_Cocos_Demo/assets/script/MainSceneScript.ts as cce:/internal/x/cc.
15:28:32 debug: Resolve cc from file:///Users/welch/Work/Cocos/SDK/up_sdk_cocos/TS/Demo/TPN_Cocos_Demo/assets/script/MainSceneScript.ts as cce:/internal/x/cc.
15:28:32 debug: Resolve db://assets/script/AnyThinkAds/ATSDK from file:///Users/welch/Work/Cocos/SDK/up_sdk_cocos/TS/Demo/TPN_Cocos_Demo/assets/script/MainSceneScript.ts as file:///Users/welch/Work/Cocos/SDK/up_sdk_cocos/TS/Demo/TPN_Cocos_Demo/assets/script/AnyThinkAds/ATSDK.ts.
15:28:32 debug: Resolve db://assets/script/AnyThinkAds/ATBanner from file:///Users/welch/Work/Cocos/SDK/up_sdk_cocos/TS/Demo/TPN_Cocos_Demo/assets/script/MainSceneScript.ts as file:///Users/welch/Work/Cocos/SDK/up_sdk_cocos/TS/Demo/TPN_Cocos_Demo/assets/script/AnyThinkAds/ATBanner.ts.
15:28:32 debug: Resolve db://assets/script/AnyThinkAds/ATRewardedVideo from file:///Users/welch/Work/Cocos/SDK/up_sdk_cocos/TS/Demo/TPN_Cocos_Demo/assets/script/MainSceneScript.ts as file:///Users/welch/Work/Cocos/SDK/up_sdk_cocos/TS/Demo/TPN_Cocos_Demo/assets/script/AnyThinkAds/ATRewardedVideo.ts.
15:28:32 debug: Resolve db://assets/script/AnyThinkAds/ATNative from file:///Users/welch/Work/Cocos/SDK/up_sdk_cocos/TS/Demo/TPN_Cocos_Demo/assets/script/MainSceneScript.ts as file:///Users/welch/Work/Cocos/SDK/up_sdk_cocos/TS/Demo/TPN_Cocos_Demo/assets/script/AnyThinkAds/ATNative.ts.
15:28:32 debug: Resolve db://assets/script/AnyThinkAds/ATInterstitial from file:///Users/welch/Work/Cocos/SDK/up_sdk_cocos/TS/Demo/TPN_Cocos_Demo/assets/script/MainSceneScript.ts as file:///Users/welch/Work/Cocos/SDK/up_sdk_cocos/TS/Demo/TPN_Cocos_Demo/assets/script/AnyThinkAds/ATInterstitial.ts.
15:28:32 debug: Resolve db://assets/script/AnyThinkAds/ATSplash from file:///Users/welch/Work/Cocos/SDK/up_sdk_cocos/TS/Demo/TPN_Cocos_Demo/assets/script/MainSceneScript.ts as file:///Users/welch/Work/Cocos/SDK/up_sdk_cocos/TS/Demo/TPN_Cocos_Demo/assets/script/AnyThinkAds/ATSplash.ts.
15:28:32 debug: Resolve db://assets/script/Constant from file:///Users/welch/Work/Cocos/SDK/up_sdk_cocos/TS/Demo/TPN_Cocos_Demo/assets/script/MainSceneScript.ts as file:///Users/welch/Work/Cocos/SDK/up_sdk_cocos/TS/Demo/TPN_Cocos_Demo/assets/script/Constant.ts.
15:28:32 debug: Resolve cc from file:///Users/welch/Work/Cocos/SDK/up_sdk_cocos/TS/Demo/TPN_Cocos_Demo/assets/script/MainSceneScript.ts as cce:/internal/x/cc.
15:28:32 debug: Resolve cc from file:///Users/welch/Work/Cocos/SDK/up_sdk_cocos/TS/Demo/TPN_Cocos_Demo/assets/script/MainSceneScript.ts as cce:/internal/x/cc.
15:28:32 debug: Target(preview) ends with cost 319.4915829896927ms.
15:28:33 debug: Pulling asset-db.
15:28:33 debug: Fetch asset-db cost: 353.23333299160004ms.
15:28:33 debug: Build iteration starts.
Number of accumulated asset changes: 31
Feature changed: false
15:28:33 debug: Target(editor) build started.
15:28:33 debug: Detected change: cce:/internal/x/prerequisite-imports. Last mtime: Thu Jan 01 1970 08:00:07 GMT+0800 (中国标准时间), Current mtime: Thu Jan 01 1970 08:00:08 GMT+0800 (中国标准时间)
15:28:33 debug: Inspect cce:/internal/x/prerequisite-imports
15:28:33 debug: Resolve file:///Applications/Cocos/Creator/3.8.4/CocosCreator.app/Contents/Resources/resources/3d/engine/editor/assets/default_renderpipeline/builtin-pipeline-settings.ts from cce:/internal/x/prerequisite-imports as file:///Applications/Cocos/Creator/3.8.4/CocosCreator.app/Contents/Resources/resources/3d/engine/editor/assets/default_renderpipeline/builtin-pipeline-settings.ts.
15:28:33 debug: Resolve file:///Applications/Cocos/Creator/3.8.4/CocosCreator.app/Contents/Resources/resources/3d/engine/editor/assets/default_renderpipeline/builtin-pipeline-types.ts from cce:/internal/x/prerequisite-imports as file:///Applications/Cocos/Creator/3.8.4/CocosCreator.app/Contents/Resources/resources/3d/engine/editor/assets/default_renderpipeline/builtin-pipeline-types.ts.
15:28:33 debug: Resolve file:///Applications/Cocos/Creator/3.8.4/CocosCreator.app/Contents/Resources/resources/3d/engine/editor/assets/default_renderpipeline/builtin-pipeline.ts from cce:/internal/x/prerequisite-imports as file:///Applications/Cocos/Creator/3.8.4/CocosCreator.app/Contents/Resources/resources/3d/engine/editor/assets/default_renderpipeline/builtin-pipeline.ts.
15:28:33 debug: Resolve file:///Applications/Cocos/Creator/3.8.4/CocosCreator.app/Contents/Resources/resources/3d/engine/editor/assets/tools/debug-view-runtime-control.ts from cce:/internal/x/prerequisite-imports as file:///Applications/Cocos/Creator/3.8.4/CocosCreator.app/Contents/Resources/resources/3d/engine/editor/assets/tools/debug-view-runtime-control.ts.
15:28:33 debug: Resolve file:///Users/welch/Work/Cocos/SDK/up_sdk_cocos/TS/Demo/TPN_Cocos_Demo/assets/script/AnyThinkAds/ATBanner.ts from cce:/internal/x/prerequisite-imports as file:///Users/welch/Work/Cocos/SDK/up_sdk_cocos/TS/Demo/TPN_Cocos_Demo/assets/script/AnyThinkAds/ATBanner.ts.
15:28:33 debug: Resolve file:///Users/welch/Work/Cocos/SDK/up_sdk_cocos/TS/Demo/TPN_Cocos_Demo/assets/script/AnyThinkAds/ATInterstitial.ts from cce:/internal/x/prerequisite-imports as file:///Users/welch/Work/Cocos/SDK/up_sdk_cocos/TS/Demo/TPN_Cocos_Demo/assets/script/AnyThinkAds/ATInterstitial.ts.
15:28:33 debug: Resolve file:///Users/welch/Work/Cocos/SDK/up_sdk_cocos/TS/Demo/TPN_Cocos_Demo/assets/script/AnyThinkAds/ATInterstitialAuto.ts from cce:/internal/x/prerequisite-imports as file:///Users/welch/Work/Cocos/SDK/up_sdk_cocos/TS/Demo/TPN_Cocos_Demo/assets/script/AnyThinkAds/ATInterstitialAuto.ts.
15:28:33 debug: Resolve file:///Users/welch/Work/Cocos/SDK/up_sdk_cocos/TS/Demo/TPN_Cocos_Demo/assets/script/AnyThinkAds/ATNative.ts from cce:/internal/x/prerequisite-imports as file:///Users/welch/Work/Cocos/SDK/up_sdk_cocos/TS/Demo/TPN_Cocos_Demo/assets/script/AnyThinkAds/ATNative.ts.
15:28:33 debug: Resolve file:///Users/welch/Work/Cocos/SDK/up_sdk_cocos/TS/Demo/TPN_Cocos_Demo/assets/script/AnyThinkAds/ATRewardedAutoVideo.ts from cce:/internal/x/prerequisite-imports as file:///Users/welch/Work/Cocos/SDK/up_sdk_cocos/TS/Demo/TPN_Cocos_Demo/assets/script/AnyThinkAds/ATRewardedAutoVideo.ts.
15:28:33 debug: Resolve file:///Users/welch/Work/Cocos/SDK/up_sdk_cocos/TS/Demo/TPN_Cocos_Demo/assets/script/AnyThinkAds/ATRewardedVideo.ts from cce:/internal/x/prerequisite-imports as file:///Users/welch/Work/Cocos/SDK/up_sdk_cocos/TS/Demo/TPN_Cocos_Demo/assets/script/AnyThinkAds/ATRewardedVideo.ts.
15:28:33 debug: Resolve file:///Users/welch/Work/Cocos/SDK/up_sdk_cocos/TS/Demo/TPN_Cocos_Demo/assets/script/AnyThinkAds/ATSDK.ts from cce:/internal/x/prerequisite-imports as file:///Users/welch/Work/Cocos/SDK/up_sdk_cocos/TS/Demo/TPN_Cocos_Demo/assets/script/AnyThinkAds/ATSDK.ts.
15:28:33 debug: Resolve file:///Users/welch/Work/Cocos/SDK/up_sdk_cocos/TS/Demo/TPN_Cocos_Demo/assets/script/AnyThinkAds/ATSplash.ts from cce:/internal/x/prerequisite-imports as file:///Users/welch/Work/Cocos/SDK/up_sdk_cocos/TS/Demo/TPN_Cocos_Demo/assets/script/AnyThinkAds/ATSplash.ts.
15:28:33 debug: Resolve file:///Users/welch/Work/Cocos/SDK/up_sdk_cocos/TS/Demo/TPN_Cocos_Demo/assets/script/AnyThinkAds/Android/ATAndroidBannerTS.ts from cce:/internal/x/prerequisite-imports as file:///Users/welch/Work/Cocos/SDK/up_sdk_cocos/TS/Demo/TPN_Cocos_Demo/assets/script/AnyThinkAds/Android/ATAndroidBannerTS.ts.
15:28:33 debug: Resolve file:///Users/welch/Work/Cocos/SDK/up_sdk_cocos/TS/Demo/TPN_Cocos_Demo/assets/script/AnyThinkAds/Android/ATAndroidInterstitialAutoTS.ts from cce:/internal/x/prerequisite-imports as file:///Users/welch/Work/Cocos/SDK/up_sdk_cocos/TS/Demo/TPN_Cocos_Demo/assets/script/AnyThinkAds/Android/ATAndroidInterstitialAutoTS.ts.
15:28:33 debug: Resolve file:///Users/welch/Work/Cocos/SDK/up_sdk_cocos/TS/Demo/TPN_Cocos_Demo/assets/script/AnyThinkAds/Android/ATAndroidInterstitialTS.ts from cce:/internal/x/prerequisite-imports as file:///Users/welch/Work/Cocos/SDK/up_sdk_cocos/TS/Demo/TPN_Cocos_Demo/assets/script/AnyThinkAds/Android/ATAndroidInterstitialTS.ts.
15:28:33 debug: Resolve file:///Users/welch/Work/Cocos/SDK/up_sdk_cocos/TS/Demo/TPN_Cocos_Demo/assets/script/AnyThinkAds/Android/ATAndroidNativeTS.ts from cce:/internal/x/prerequisite-imports as file:///Users/welch/Work/Cocos/SDK/up_sdk_cocos/TS/Demo/TPN_Cocos_Demo/assets/script/AnyThinkAds/Android/ATAndroidNativeTS.ts.
15:28:33 debug: Resolve file:///Users/welch/Work/Cocos/SDK/up_sdk_cocos/TS/Demo/TPN_Cocos_Demo/assets/script/AnyThinkAds/Android/ATAndroidRewardedVideoAutoTS.ts from cce:/internal/x/prerequisite-imports as file:///Users/welch/Work/Cocos/SDK/up_sdk_cocos/TS/Demo/TPN_Cocos_Demo/assets/script/AnyThinkAds/Android/ATAndroidRewardedVideoAutoTS.ts.
15:28:33 debug: Resolve file:///Users/welch/Work/Cocos/SDK/up_sdk_cocos/TS/Demo/TPN_Cocos_Demo/assets/script/AnyThinkAds/Android/ATAndroidRewardedVideoTS.ts from cce:/internal/x/prerequisite-imports as file:///Users/welch/Work/Cocos/SDK/up_sdk_cocos/TS/Demo/TPN_Cocos_Demo/assets/script/AnyThinkAds/Android/ATAndroidRewardedVideoTS.ts.
15:28:33 debug: Resolve file:///Users/welch/Work/Cocos/SDK/up_sdk_cocos/TS/Demo/TPN_Cocos_Demo/assets/script/AnyThinkAds/Android/ATAndroidSplashTS.ts from cce:/internal/x/prerequisite-imports as file:///Users/welch/Work/Cocos/SDK/up_sdk_cocos/TS/Demo/TPN_Cocos_Demo/assets/script/AnyThinkAds/Android/ATAndroidSplashTS.ts.
15:28:33 debug: Resolve file:///Users/welch/Work/Cocos/SDK/up_sdk_cocos/TS/Demo/TPN_Cocos_Demo/assets/script/AnyThinkAds/Android/ATAndroidTS.ts from cce:/internal/x/prerequisite-imports as file:///Users/welch/Work/Cocos/SDK/up_sdk_cocos/TS/Demo/TPN_Cocos_Demo/assets/script/AnyThinkAds/Android/ATAndroidTS.ts.
15:28:33 debug: Resolve file:///Users/welch/Work/Cocos/SDK/up_sdk_cocos/TS/Demo/TPN_Cocos_Demo/assets/script/AnyThinkAds/iOS/ATiOSBannerTS.ts from cce:/internal/x/prerequisite-imports as file:///Users/welch/Work/Cocos/SDK/up_sdk_cocos/TS/Demo/TPN_Cocos_Demo/assets/script/AnyThinkAds/iOS/ATiOSBannerTS.ts.
15:28:33 debug: Resolve file:///Users/welch/Work/Cocos/SDK/up_sdk_cocos/TS/Demo/TPN_Cocos_Demo/assets/script/AnyThinkAds/iOS/ATiOSInterstitiaAutolTS.ts from cce:/internal/x/prerequisite-imports as file:///Users/welch/Work/Cocos/SDK/up_sdk_cocos/TS/Demo/TPN_Cocos_Demo/assets/script/AnyThinkAds/iOS/ATiOSInterstitiaAutolTS.ts.
15:28:33 debug: Resolve file:///Users/welch/Work/Cocos/SDK/up_sdk_cocos/TS/Demo/TPN_Cocos_Demo/assets/script/AnyThinkAds/iOS/ATiOSInterstitialTS.ts from cce:/internal/x/prerequisite-imports as file:///Users/welch/Work/Cocos/SDK/up_sdk_cocos/TS/Demo/TPN_Cocos_Demo/assets/script/AnyThinkAds/iOS/ATiOSInterstitialTS.ts.
15:28:33 debug: Resolve file:///Users/welch/Work/Cocos/SDK/up_sdk_cocos/TS/Demo/TPN_Cocos_Demo/assets/script/AnyThinkAds/iOS/ATiOSNativeTS.ts from cce:/internal/x/prerequisite-imports as file:///Users/welch/Work/Cocos/SDK/up_sdk_cocos/TS/Demo/TPN_Cocos_Demo/assets/script/AnyThinkAds/iOS/ATiOSNativeTS.ts.
15:28:33 debug: Resolve file:///Users/welch/Work/Cocos/SDK/up_sdk_cocos/TS/Demo/TPN_Cocos_Demo/assets/script/AnyThinkAds/iOS/ATiOSRewardedAutoVideoTS.ts from cce:/internal/x/prerequisite-imports as file:///Users/welch/Work/Cocos/SDK/up_sdk_cocos/TS/Demo/TPN_Cocos_Demo/assets/script/AnyThinkAds/iOS/ATiOSRewardedAutoVideoTS.ts.
15:28:33 debug: Resolve file:///Users/welch/Work/Cocos/SDK/up_sdk_cocos/TS/Demo/TPN_Cocos_Demo/assets/script/AnyThinkAds/iOS/ATiOSRewardedVideoTS.ts from cce:/internal/x/prerequisite-imports as file:///Users/welch/Work/Cocos/SDK/up_sdk_cocos/TS/Demo/TPN_Cocos_Demo/assets/script/AnyThinkAds/iOS/ATiOSRewardedVideoTS.ts.
15:28:33 debug: Resolve file:///Users/welch/Work/Cocos/SDK/up_sdk_cocos/TS/Demo/TPN_Cocos_Demo/assets/script/AnyThinkAds/iOS/ATiOSSplashTS.ts from cce:/internal/x/prerequisite-imports as file:///Users/welch/Work/Cocos/SDK/up_sdk_cocos/TS/Demo/TPN_Cocos_Demo/assets/script/AnyThinkAds/iOS/ATiOSSplashTS.ts.
15:28:33 debug: Resolve file:///Users/welch/Work/Cocos/SDK/up_sdk_cocos/TS/Demo/TPN_Cocos_Demo/assets/script/AnyThinkAds/iOS/ATiOSTS.ts from cce:/internal/x/prerequisite-imports as file:///Users/welch/Work/Cocos/SDK/up_sdk_cocos/TS/Demo/TPN_Cocos_Demo/assets/script/AnyThinkAds/iOS/ATiOSTS.ts.
15:28:33 debug: Resolve file:///Users/welch/Work/Cocos/SDK/up_sdk_cocos/TS/Demo/TPN_Cocos_Demo/assets/script/AutoLoadAdsSceneScript.ts from cce:/internal/x/prerequisite-imports as file:///Users/welch/Work/Cocos/SDK/up_sdk_cocos/TS/Demo/TPN_Cocos_Demo/assets/script/AutoLoadAdsSceneScript.ts.
15:28:33 debug: Resolve file:///Users/welch/Work/Cocos/SDK/up_sdk_cocos/TS/Demo/TPN_Cocos_Demo/assets/script/Constant.ts from cce:/internal/x/prerequisite-imports as file:///Users/welch/Work/Cocos/SDK/up_sdk_cocos/TS/Demo/TPN_Cocos_Demo/assets/script/Constant.ts.
15:28:33 debug: Resolve file:///Users/welch/Work/Cocos/SDK/up_sdk_cocos/TS/Demo/TPN_Cocos_Demo/assets/script/MainSceneScript.ts from cce:/internal/x/prerequisite-imports as file:///Users/welch/Work/Cocos/SDK/up_sdk_cocos/TS/Demo/TPN_Cocos_Demo/assets/script/MainSceneScript.ts.
15:28:33 debug: Target(editor) ends with cost 25.932667016983032ms.
15:28:33 debug: Target(preview) build started.
15:28:33 debug: Detected change: cce:/internal/x/prerequisite-imports. Last mtime: Thu Jan 01 1970 08:00:07 GMT+0800 (中国标准时间), Current mtime: Thu Jan 01 1970 08:00:09 GMT+0800 (中国标准时间)
15:28:33 debug: Inspect cce:/internal/x/prerequisite-imports
15:28:33 debug: Resolve file:///Applications/Cocos/Creator/3.8.4/CocosCreator.app/Contents/Resources/resources/3d/engine/editor/assets/default_renderpipeline/builtin-pipeline-settings.ts from cce:/internal/x/prerequisite-imports as file:///Applications/Cocos/Creator/3.8.4/CocosCreator.app/Contents/Resources/resources/3d/engine/editor/assets/default_renderpipeline/builtin-pipeline-settings.ts.
15:28:33 debug: Resolve file:///Applications/Cocos/Creator/3.8.4/CocosCreator.app/Contents/Resources/resources/3d/engine/editor/assets/default_renderpipeline/builtin-pipeline-types.ts from cce:/internal/x/prerequisite-imports as file:///Applications/Cocos/Creator/3.8.4/CocosCreator.app/Contents/Resources/resources/3d/engine/editor/assets/default_renderpipeline/builtin-pipeline-types.ts.
15:28:33 debug: Resolve file:///Applications/Cocos/Creator/3.8.4/CocosCreator.app/Contents/Resources/resources/3d/engine/editor/assets/default_renderpipeline/builtin-pipeline.ts from cce:/internal/x/prerequisite-imports as file:///Applications/Cocos/Creator/3.8.4/CocosCreator.app/Contents/Resources/resources/3d/engine/editor/assets/default_renderpipeline/builtin-pipeline.ts.
15:28:33 debug: Resolve file:///Applications/Cocos/Creator/3.8.4/CocosCreator.app/Contents/Resources/resources/3d/engine/editor/assets/tools/debug-view-runtime-control.ts from cce:/internal/x/prerequisite-imports as file:///Applications/Cocos/Creator/3.8.4/CocosCreator.app/Contents/Resources/resources/3d/engine/editor/assets/tools/debug-view-runtime-control.ts.
15:28:33 debug: Resolve file:///Users/welch/Work/Cocos/SDK/up_sdk_cocos/TS/Demo/TPN_Cocos_Demo/assets/script/AnyThinkAds/ATBanner.ts from cce:/internal/x/prerequisite-imports as file:///Users/welch/Work/Cocos/SDK/up_sdk_cocos/TS/Demo/TPN_Cocos_Demo/assets/script/AnyThinkAds/ATBanner.ts.
15:28:33 debug: Resolve file:///Users/welch/Work/Cocos/SDK/up_sdk_cocos/TS/Demo/TPN_Cocos_Demo/assets/script/AnyThinkAds/ATInterstitial.ts from cce:/internal/x/prerequisite-imports as file:///Users/welch/Work/Cocos/SDK/up_sdk_cocos/TS/Demo/TPN_Cocos_Demo/assets/script/AnyThinkAds/ATInterstitial.ts.
15:28:33 debug: Resolve file:///Users/welch/Work/Cocos/SDK/up_sdk_cocos/TS/Demo/TPN_Cocos_Demo/assets/script/AnyThinkAds/ATInterstitialAuto.ts from cce:/internal/x/prerequisite-imports as file:///Users/welch/Work/Cocos/SDK/up_sdk_cocos/TS/Demo/TPN_Cocos_Demo/assets/script/AnyThinkAds/ATInterstitialAuto.ts.
15:28:33 debug: Resolve file:///Users/welch/Work/Cocos/SDK/up_sdk_cocos/TS/Demo/TPN_Cocos_Demo/assets/script/AnyThinkAds/ATNative.ts from cce:/internal/x/prerequisite-imports as file:///Users/welch/Work/Cocos/SDK/up_sdk_cocos/TS/Demo/TPN_Cocos_Demo/assets/script/AnyThinkAds/ATNative.ts.
15:28:33 debug: Resolve file:///Users/welch/Work/Cocos/SDK/up_sdk_cocos/TS/Demo/TPN_Cocos_Demo/assets/script/AnyThinkAds/ATRewardedAutoVideo.ts from cce:/internal/x/prerequisite-imports as file:///Users/welch/Work/Cocos/SDK/up_sdk_cocos/TS/Demo/TPN_Cocos_Demo/assets/script/AnyThinkAds/ATRewardedAutoVideo.ts.
15:28:33 debug: Resolve file:///Users/welch/Work/Cocos/SDK/up_sdk_cocos/TS/Demo/TPN_Cocos_Demo/assets/script/AnyThinkAds/ATRewardedVideo.ts from cce:/internal/x/prerequisite-imports as file:///Users/welch/Work/Cocos/SDK/up_sdk_cocos/TS/Demo/TPN_Cocos_Demo/assets/script/AnyThinkAds/ATRewardedVideo.ts.
15:28:33 debug: Resolve file:///Users/welch/Work/Cocos/SDK/up_sdk_cocos/TS/Demo/TPN_Cocos_Demo/assets/script/AnyThinkAds/ATSDK.ts from cce:/internal/x/prerequisite-imports as file:///Users/welch/Work/Cocos/SDK/up_sdk_cocos/TS/Demo/TPN_Cocos_Demo/assets/script/AnyThinkAds/ATSDK.ts.
15:28:33 debug: Resolve file:///Users/welch/Work/Cocos/SDK/up_sdk_cocos/TS/Demo/TPN_Cocos_Demo/assets/script/AnyThinkAds/ATSplash.ts from cce:/internal/x/prerequisite-imports as file:///Users/welch/Work/Cocos/SDK/up_sdk_cocos/TS/Demo/TPN_Cocos_Demo/assets/script/AnyThinkAds/ATSplash.ts.
15:28:33 debug: Resolve file:///Users/welch/Work/Cocos/SDK/up_sdk_cocos/TS/Demo/TPN_Cocos_Demo/assets/script/AnyThinkAds/Android/ATAndroidBannerTS.ts from cce:/internal/x/prerequisite-imports as file:///Users/welch/Work/Cocos/SDK/up_sdk_cocos/TS/Demo/TPN_Cocos_Demo/assets/script/AnyThinkAds/Android/ATAndroidBannerTS.ts.
15:28:33 debug: Resolve file:///Users/welch/Work/Cocos/SDK/up_sdk_cocos/TS/Demo/TPN_Cocos_Demo/assets/script/AnyThinkAds/Android/ATAndroidInterstitialAutoTS.ts from cce:/internal/x/prerequisite-imports as file:///Users/welch/Work/Cocos/SDK/up_sdk_cocos/TS/Demo/TPN_Cocos_Demo/assets/script/AnyThinkAds/Android/ATAndroidInterstitialAutoTS.ts.
15:28:33 debug: Resolve file:///Users/welch/Work/Cocos/SDK/up_sdk_cocos/TS/Demo/TPN_Cocos_Demo/assets/script/AnyThinkAds/Android/ATAndroidInterstitialTS.ts from cce:/internal/x/prerequisite-imports as file:///Users/welch/Work/Cocos/SDK/up_sdk_cocos/TS/Demo/TPN_Cocos_Demo/assets/script/AnyThinkAds/Android/ATAndroidInterstitialTS.ts.
15:28:33 debug: Resolve file:///Users/welch/Work/Cocos/SDK/up_sdk_cocos/TS/Demo/TPN_Cocos_Demo/assets/script/AnyThinkAds/Android/ATAndroidNativeTS.ts from cce:/internal/x/prerequisite-imports as file:///Users/welch/Work/Cocos/SDK/up_sdk_cocos/TS/Demo/TPN_Cocos_Demo/assets/script/AnyThinkAds/Android/ATAndroidNativeTS.ts.
15:28:33 debug: Resolve file:///Users/welch/Work/Cocos/SDK/up_sdk_cocos/TS/Demo/TPN_Cocos_Demo/assets/script/AnyThinkAds/Android/ATAndroidRewardedVideoAutoTS.ts from cce:/internal/x/prerequisite-imports as file:///Users/welch/Work/Cocos/SDK/up_sdk_cocos/TS/Demo/TPN_Cocos_Demo/assets/script/AnyThinkAds/Android/ATAndroidRewardedVideoAutoTS.ts.
15:28:33 debug: Resolve file:///Users/welch/Work/Cocos/SDK/up_sdk_cocos/TS/Demo/TPN_Cocos_Demo/assets/script/AnyThinkAds/Android/ATAndroidRewardedVideoTS.ts from cce:/internal/x/prerequisite-imports as file:///Users/welch/Work/Cocos/SDK/up_sdk_cocos/TS/Demo/TPN_Cocos_Demo/assets/script/AnyThinkAds/Android/ATAndroidRewardedVideoTS.ts.
15:28:33 debug: Resolve file:///Users/welch/Work/Cocos/SDK/up_sdk_cocos/TS/Demo/TPN_Cocos_Demo/assets/script/AnyThinkAds/Android/ATAndroidSplashTS.ts from cce:/internal/x/prerequisite-imports as file:///Users/welch/Work/Cocos/SDK/up_sdk_cocos/TS/Demo/TPN_Cocos_Demo/assets/script/AnyThinkAds/Android/ATAndroidSplashTS.ts.
15:28:33 debug: Resolve file:///Users/welch/Work/Cocos/SDK/up_sdk_cocos/TS/Demo/TPN_Cocos_Demo/assets/script/AnyThinkAds/Android/ATAndroidTS.ts from cce:/internal/x/prerequisite-imports as file:///Users/welch/Work/Cocos/SDK/up_sdk_cocos/TS/Demo/TPN_Cocos_Demo/assets/script/AnyThinkAds/Android/ATAndroidTS.ts.
15:28:33 debug: Resolve file:///Users/welch/Work/Cocos/SDK/up_sdk_cocos/TS/Demo/TPN_Cocos_Demo/assets/script/AnyThinkAds/iOS/ATiOSBannerTS.ts from cce:/internal/x/prerequisite-imports as file:///Users/welch/Work/Cocos/SDK/up_sdk_cocos/TS/Demo/TPN_Cocos_Demo/assets/script/AnyThinkAds/iOS/ATiOSBannerTS.ts.
15:28:33 debug: Resolve file:///Users/welch/Work/Cocos/SDK/up_sdk_cocos/TS/Demo/TPN_Cocos_Demo/assets/script/AnyThinkAds/iOS/ATiOSInterstitiaAutolTS.ts from cce:/internal/x/prerequisite-imports as file:///Users/welch/Work/Cocos/SDK/up_sdk_cocos/TS/Demo/TPN_Cocos_Demo/assets/script/AnyThinkAds/iOS/ATiOSInterstitiaAutolTS.ts.
15:28:33 debug: Resolve file:///Users/welch/Work/Cocos/SDK/up_sdk_cocos/TS/Demo/TPN_Cocos_Demo/assets/script/AnyThinkAds/iOS/ATiOSInterstitialTS.ts from cce:/internal/x/prerequisite-imports as file:///Users/welch/Work/Cocos/SDK/up_sdk_cocos/TS/Demo/TPN_Cocos_Demo/assets/script/AnyThinkAds/iOS/ATiOSInterstitialTS.ts.
15:28:33 debug: Resolve file:///Users/welch/Work/Cocos/SDK/up_sdk_cocos/TS/Demo/TPN_Cocos_Demo/assets/script/AnyThinkAds/iOS/ATiOSNativeTS.ts from cce:/internal/x/prerequisite-imports as file:///Users/welch/Work/Cocos/SDK/up_sdk_cocos/TS/Demo/TPN_Cocos_Demo/assets/script/AnyThinkAds/iOS/ATiOSNativeTS.ts.
15:28:33 debug: Resolve file:///Users/welch/Work/Cocos/SDK/up_sdk_cocos/TS/Demo/TPN_Cocos_Demo/assets/script/AnyThinkAds/iOS/ATiOSRewardedAutoVideoTS.ts from cce:/internal/x/prerequisite-imports as file:///Users/welch/Work/Cocos/SDK/up_sdk_cocos/TS/Demo/TPN_Cocos_Demo/assets/script/AnyThinkAds/iOS/ATiOSRewardedAutoVideoTS.ts.
15:28:33 debug: Resolve file:///Users/welch/Work/Cocos/SDK/up_sdk_cocos/TS/Demo/TPN_Cocos_Demo/assets/script/AnyThinkAds/iOS/ATiOSRewardedVideoTS.ts from cce:/internal/x/prerequisite-imports as file:///Users/welch/Work/Cocos/SDK/up_sdk_cocos/TS/Demo/TPN_Cocos_Demo/assets/script/AnyThinkAds/iOS/ATiOSRewardedVideoTS.ts.
15:28:33 debug: Resolve file:///Users/welch/Work/Cocos/SDK/up_sdk_cocos/TS/Demo/TPN_Cocos_Demo/assets/script/AnyThinkAds/iOS/ATiOSSplashTS.ts from cce:/internal/x/prerequisite-imports as file:///Users/welch/Work/Cocos/SDK/up_sdk_cocos/TS/Demo/TPN_Cocos_Demo/assets/script/AnyThinkAds/iOS/ATiOSSplashTS.ts.
15:28:33 debug: Resolve file:///Users/welch/Work/Cocos/SDK/up_sdk_cocos/TS/Demo/TPN_Cocos_Demo/assets/script/AnyThinkAds/iOS/ATiOSTS.ts from cce:/internal/x/prerequisite-imports as file:///Users/welch/Work/Cocos/SDK/up_sdk_cocos/TS/Demo/TPN_Cocos_Demo/assets/script/AnyThinkAds/iOS/ATiOSTS.ts.
15:28:33 debug: Resolve file:///Users/welch/Work/Cocos/SDK/up_sdk_cocos/TS/Demo/TPN_Cocos_Demo/assets/script/AutoLoadAdsSceneScript.ts from cce:/internal/x/prerequisite-imports as file:///Users/welch/Work/Cocos/SDK/up_sdk_cocos/TS/Demo/TPN_Cocos_Demo/assets/script/AutoLoadAdsSceneScript.ts.
15:28:33 debug: Resolve file:///Users/welch/Work/Cocos/SDK/up_sdk_cocos/TS/Demo/TPN_Cocos_Demo/assets/script/Constant.ts from cce:/internal/x/prerequisite-imports as file:///Users/welch/Work/Cocos/SDK/up_sdk_cocos/TS/Demo/TPN_Cocos_Demo/assets/script/Constant.ts.
15:28:33 debug: Resolve file:///Users/welch/Work/Cocos/SDK/up_sdk_cocos/TS/Demo/TPN_Cocos_Demo/assets/script/MainSceneScript.ts from cce:/internal/x/prerequisite-imports as file:///Users/welch/Work/Cocos/SDK/up_sdk_cocos/TS/Demo/TPN_Cocos_Demo/assets/script/MainSceneScript.ts.
15:28:33 debug: Target(preview) ends with cost 28.94854199886322ms.
